"","Site_ID","broad_outcome","detailed_outcome","is_subset","Highest_taxonomic_resolution","body_size","trophic_group","sampling_method","disturbance_type","comparison_type","disturbance_av","control_av","av_type","unit","dist_var","control_var","var_type","dist_n","control_n","description_data_extraction","significant","approx_p_val","exact_p_val","sample_area","sampling_depth","perc_annual_dist","time_after_dist_start","time_after_dist_end","control_SD","dist_SD","Study_ID","exp_obs","plot_area","Validity","Functional_group_size","av_length","av_width","study_year","approx_p_value_numeric","exact_tval","exact_pooled_SD","approx_tval","approx_pooled_SD","pooled_SD_to_use","logRR_var","cv_Control","cv_Experimental","geary_control","geary_trt","geary_test","b_CV2_1","b_CV2_2","cv2_cont_new","cv2_expt_new","lnrr_laj","v_lnrr_laj","yi","vi","sei","e_n","inv_n_tilda","sqrt_inv_n_tilda"
"1","Lindberg_2002a_1","abundance",NA,FALSE,"Oribatida",NA,NA,"high-gradient canister","precip_inc","undisturbed vs disturbed",317000,220000,"mean","densities m?2",46600,32600,"SE",4,4,"p 928 table 2",FALSE,">0.05",NA,100,10,37,2555,NA,65200,93200,"Lindberg_2002a","experimental",506.25,"Medium validity","mesofauna",1,1.1158,2002,0.525,NA,NA,0.674694850800311,203319.642038873,203319.642038873,1.5560303804235e-06,0.296363636363636,0.294006309148265,12.7029953085529,12.8048472607927,"pass",1.23898535454755,0.871295508505612,0.0878314049586777,0.0864397098189852,0.365100265632458,0.0438050627433314,0.365274227524919,0.0435677786944157,0.208728959884381,8,0.5,0.707106781186548
"2","Lindberg_2002a_1","abundance",NA,FALSE,"Oribatida",NA,NA,"high-gradient canister","precip_inc","undisturbed vs disturbed",317000,220000,"mean","densities m?2",46600,32600,"SE",4,4,"p 928 table 2",FALSE,">0.05",NA,100,10,37,2555,NA,65200,93200,"Lindberg_2002a","experimental",2025,"Medium validity","mesofauna",1,1.1158,2002,0.525,NA,NA,0.674694850800311,203319.642038873,203319.642038873,1.5560303804235e-06,0.296363636363636,0.294006309148265,12.7029953085529,12.8048472607927,"pass",1.23898535454755,0.871295508505612,0.0878314049586777,0.0864397098189852,0.365100265632458,0.0438050627433314,0.365274227524919,0.0435677786944157,0.208728959884381,8,0.5,0.707106781186548
"3","Lindberg_2002a_1","abundance",NA,FALSE,"Mesostigmata",NA,NA,"high-gradient canister","precip_inc","undisturbed vs disturbed",13100,7400,"mean","densities m?2",4100,690,"SE",4,4,"p 928 table 2",FALSE,">0.06",NA,100,10,37,2555,NA,1380,8200,"Lindberg_2002a","experimental",506.25,"Medium validity","mesofauna",0.9,2.1,2002,0.53,NA,NA,0.666283421732491,12098.4809806105,12098.4809806105,7.28590819764812e-05,0.186486486486486,0.625954198473282,20.1875532821824,6.01434720229555,"pass",1.23898535454755,0.871295508505612,0.0347772096420745,0.39181865858633,0.615762411115014,0.109066643862208,0.571132229996982,0.106648967057101,0.326571534364373,8,0.5,0.707106781186548
"4","Lindberg_2002a_1","abundance",NA,FALSE,"Mesostigmata",NA,NA,"high-gradient canister","precip_inc","undisturbed vs disturbed",13100,7400,"mean","densities m?2",4100,690,"SE",4,4,"p 928 table 2",FALSE,">0.06",NA,100,10,37,2555,NA,1380,8200,"Lindberg_2002a","experimental",2025,"Medium validity","mesofauna",0.9,2.1,2002,0.53,NA,NA,0.666283421732491,12098.4809806105,12098.4809806105,7.28590819764812e-05,0.186486486486486,0.625954198473282,20.1875532821824,6.01434720229555,"pass",1.23898535454755,0.871295508505612,0.0347772096420745,0.39181865858633,0.615762411115014,0.109066643862208,0.571132229996982,0.106648967057101,0.326571534364373,8,0.5,0.707106781186548
"5","Lindberg_2002a_1","abundance",NA,FALSE,"Collembola",NA,NA,"high-gradient canister","precip_inc","undisturbed vs disturbed",66000,38000,"mean","densities m?2",6800,6300,"SE",4,4,"p 928 table 2",FALSE,">0.07",NA,100,10,37,2555,NA,12600,13600,"Lindberg_2002a","experimental",506.25,"Medium validity","mesofauna",3.75,1.0651,2002,0.535,NA,NA,0.657922892442079,60186.3534486037,60186.3534486037,1.38742964301278e-05,0.331578947368421,0.206060606060606,11.3538748832866,18.2698961937716,"pass",1.23898535454755,0.871295508505612,0.10994459833795,0.0424609733700643,0.543633129179054,0.038318435879554,0.55206858230004,0.0381013929270036,0.195195781017428,8,0.5,0.707106781186548
"6","Lindberg_2002a_1","abundance",NA,FALSE,"Collembola",NA,NA,"high-gradient canister","precip_inc","undisturbed vs disturbed",66000,38000,"mean","densities m?2",6800,6300,"SE",4,4,"p 928 table 2",FALSE,">0.07",NA,100,10,37,2555,NA,12600,13600,"Lindberg_2002a","experimental",2025,"Medium validity","mesofauna",3.75,1.0651,2002,0.535,NA,NA,0.657922892442079,60186.3534486037,60186.3534486037,1.38742964301278e-05,0.331578947368421,0.206060606060606,11.3538748832866,18.2698961937716,"pass",1.23898535454755,0.871295508505612,0.10994459833795,0.0424609733700643,0.543633129179054,0.038318435879554,0.55206858230004,0.0381013929270036,0.195195781017428,8,0.5,0.707106781186548
"7","Lindberg_2002a_1","abundance",NA,FALSE,"Enchytraeidae",NA,NA,"baerman funnel","precip_inc","undisturbed vs disturbed",890,36600,"mean","densities m?2",85,8700,"SE",4,4,"p 928 table 2",FALSE,">0.08",NA,15.9,15,37,2555,NA,17400,170,"Lindberg_2002a","experimental",506.25,"Medium validity","mesofauna",1075,1.2967,2002,0.54,NA,NA,0.649612108308001,77741.1099123154,77741.1099123154,0.024550902438207,0.475409836065574,0.191011235955056,7.91886409736308,19.7093425605536,"pass",1.23898535454755,0.871295508505612,0.226014512227896,0.0364852922610781,-3.74027320915912,0.0664439157517589,-3.71658205666327,0.0656249511222435,0.25617367374936,8,0.5,0.707106781186548
"8","Lindberg_2002a_1","abundance",NA,FALSE,"Enchytraeidae",NA,NA,"baerman funnel","precip_inc","undisturbed vs disturbed",890,36600,"mean","densities m?2",85,8700,"SE",4,4,"p 928 table 2",FALSE,">0.08",NA,15.9,15,37,2555,NA,17400,170,"Lindberg_2002a","experimental",2025,"Medium validity","mesofauna",1075,1.2967,2002,0.54,NA,NA,0.649612108308001,77741.1099123154,77741.1099123154,0.024550902438207,0.475409836065574,0.191011235955056,7.91886409736308,19.7093425605536,"pass",1.23898535454755,0.871295508505612,0.226014512227896,0.0364852922610781,-3.74027320915912,0.0664439157517589,-3.71658205666327,0.0656249511222435,0.25617367374936,8,0.5,0.707106781186548
"9","Lindberg_2002a_1","abundance",NA,FALSE,"Macroarthropods",NA,"predator","tullgren funnel","precip_inc","undisturbed vs disturbed",97400,860,"mean","densities m?2",10000,100,"SE",4,4,"p 928 table 2",FALSE,">0.09",NA,100,10,37,2555,NA,200,20000,"Lindberg_2002a","experimental",506.25,"Medium validity","macrofauna",47.5,15.1463,2002,0.545,NA,NA,0.641349945195586,212876.259418503,212876.259418503,0.0719621604668847,0.232558139534884,0.205338809034908,16.1882352941176,18.3341176470588,"pass",1.23898535454755,0.871295508505612,0.0540832882639264,0.0421640264958742,4.72815919266207,0.0241353100524468,4.72964910038307,0.0240618286899502,0.155118756731577,8,0.5,0.707106781186548
"10","Lindberg_2002a_1","abundance",NA,FALSE,"Macroarthropods",NA,"predator","tullgren funnel","precip_inc","undisturbed vs disturbed",97400,860,"mean","densities m?2",10000,100,"SE",4,4,"p 928 table 2",FALSE,">0.09",NA,100,10,37,2555,NA,200,20000,"Lindberg_2002a","experimental",2025,"Medium validity","macrofauna",47.5,15.1463,2002,0.545,NA,NA,0.641349945195586,212876.259418503,212876.259418503,0.0719621604668847,0.232558139534884,0.205338809034908,16.1882352941176,18.3341176470588,"pass",1.23898535454755,0.871295508505612,0.0540832882639264,0.0421640264958742,4.72815919266207,0.0241353100524468,4.72964910038307,0.0240618286899502,0.155118756731577,8,0.5,0.707106781186548
"11","Landesman_2011a_1","abundance",NA,FALSE,"Nematoda",NA,NA,"Cobb's decanting and sieving method","precip_inc","undisturbed vs disturbed",53.47826087,105.6521739,"mean","ind g-1 soil",8.695652174,13.47826087,"SE",4,4,"p 89 fig 2",TRUE,"<0.05",NA,NA,3,-100,425,NA,26.95652174,17.391304348,"Landesman_2011a","experimental",4.75,"Low validity","microfauna",2.55,0.0634,2011,NA,NA,NA,NA,NA,NA,NA,0.25514403296154,0.325203252033128,14.7552182140212,11.5764705882136,"pass",1.23898535454755,0.871295508505612,0.0650984775558796,0.105757155132922,-0.675794753139414,0.0429548829791052,-0.680877087836544,0.0427139081722005,0.206673433639161,8,0.5,0.707106781186548
"12","Landesman_2011a_1","abundance",NA,FALSE,"Nematoda",NA,NA,"Cobb's decanting and sieving method","precip_inc","undisturbed vs disturbed",53.47826087,105.6521739,"mean","ind g-1 soil",8.695652174,13.47826087,"SE",4,4,"p 89 fig 2",TRUE,"<0.05",NA,NA,3,-100,425,NA,26.95652174,17.391304348,"Landesman_2011a","experimental",4.75,"Low validity","microfauna",2.55,0.0634,2011,NA,NA,NA,NA,NA,NA,NA,0.25514403296154,0.325203252033128,14.7552182140212,11.5764705882136,"pass",1.23898535454755,0.871295508505612,0.0650984775558796,0.105757155132922,-0.675794753139414,0.0429548829791052,-0.680877087836544,0.0427139081722005,0.206673433639161,8,0.5,0.707106781186548
"13","Landesman_2011a_1","abundance",NA,FALSE,"Nematoda",NA,NA,"Cobb's decanting and sieving method","precip_inc","undisturbed vs disturbed",100,105.6521739,"mean","ind g-1 soil",16.52173913,13.47826087,"SE",4,4,"p 89 fig 2",FALSE,">0.05",NA,NA,3,100,425,NA,26.95652174,33.04347826,"Landesman_2011a","experimental",4.75,"Low validity","microfauna",2.55,0.0634,2011,0.525,NA,NA,0.674694850800311,11.8474017947367,11.8474017947367,0.000561527199306393,0.25514403296154,0.3304347826,14.7552182140212,11.393188854789,"pass",1.23898535454755,0.871295508505612,0.0650984775558796,0.109187145551909,-0.0494710507943925,0.0438239002227889,-0.0549821342938963,0.0435714057769472,0.208737648202109,8,0.5,0.707106781186548
"14","Landesman_2011a_1","abundance",NA,FALSE,"Nematoda",NA,NA,"Cobb's decanting and sieving method","precip_inc","undisturbed vs disturbed",100,105.6521739,"mean","ind g-1 soil",16.52173913,13.47826087,"SE",4,4,"p 89 fig 2",FALSE,">0.05",NA,NA,3,100,425,NA,26.95652174,33.04347826,"Landesman_2011a","experimental",4.75,"Low validity","microfauna",2.55,0.0634,2011,0.525,NA,NA,0.674694850800311,11.8474017947367,11.8474017947367,0.000561527199306393,0.25514403296154,0.3304347826,14.7552182140212,11.393188854789,"pass",1.23898535454755,0.871295508505612,0.0650984775558796,0.109187145551909,-0.0494710507943925,0.0438239002227889,-0.0549821342938963,0.0435714057769472,0.208737648202109,8,0.5,0.707106781186548
"15","Aslam_2015a_1","abundance",NA,FALSE,"Oribatida",NA,NA,"tullgren funnel","precip_inc","undisturbed vs disturbed",2201.183432,2153.846154,"mean","ind m-2 LOG TRANSFORMED",2106.508876,1183.431953,"SE",4,4,"pg 640 fig 1",FALSE,">0.05",NA,50.3,10,0.268456400000005,365,NA,2366.863906,4213.017752,"Aslam_2015a","experimental",1600,"Medium validity","mesofauna",1,1.1158,2015,0.525,NA,NA,0.674694850800311,99.2226641036559,99.2226641036559,1.04667679312772e-05,1.09890109913579,1.91397849481905,3.42588235220951,1.96695307316337,"fail",1.23898535454755,0.871295508505612,1.20758362568185,3.66331367862981,0.328706243204978,1.45019503421934,0.0217399865864827,1.21772432607792,1.10350547170275,8,0.5,0.707106781186548
"16","Aslam_2015a_1","abundance",NA,FALSE,"Mesostigmata",NA,NA,"tullgren funnel","precip_inc","undisturbed vs disturbed",2372.262774,1605.839416,"mean","ind m-2 LOG TRANSFORMED",1350.364964,711.6788321,"SE",4,4,"pg 640 fig 1",FALSE,">0.05",NA,50.3,10,0.268456400000005,365,NA,1423.3576642,2700.729928,"Aslam_2015a","experimental",1600,"Medium validity","mesofauna",0.9,2.1,2015,0.525,NA,NA,0.674694850800311,1606.48374019372,1606.48374019372,0.000227110185019147,0.886363636374959,1.13846153874689,4.24736048260035,3.30683624718388,"pass",1.23898535454755,0.871295508505612,0.78564049588784,1.29609467520593,0.454004408545424,0.556325861459006,0.390197636130663,0.520433792773443,0.721410973560454,8,0.5,0.707106781186548
"17","Aslam_2015a_1","abundance",NA,FALSE,"Nematoda",NA,NA,"baerman funnel","precip_inc","undisturbed vs disturbed",8211.206897,7047.413793,"mean","ind kg-1 LOG TRANSFORMED",1681.034483,1099.137931,"SE",4,4,"pg 640 fig 1",FALSE,">0.05",NA,50.3,10,0.268456400000005,365,NA,2198.275862,3362.068966,"Aslam_2015a","experimental",1600,"Medium validity","microfauna",2.55,0.0634,2015,0.525,NA,NA,0.674694850800311,2439.4020341504,2439.4020341504,2.13240412018271e-05,0.31192660549938,0.409448818934077,12.0692041524506,9.19457013492832,"pass",1.23898535454755,0.871295508505612,0.0972982072183658,0.167648335326511,0.161632970312238,0.0668237122841201,0.15283920429872,0.0662366356362192,0.257364790980078,8,0.5,0.707106781186548
"18","Sun_2020a_1","abundance",NA,FALSE,"Nematoda",NA,NA,"Oostenbrink cottonwool filter method","precip_inc","undisturbed vs disturbed",710,911,"mean","ind 100g-1 dry soil",71,70,"SE",4,4,"table s1",TRUE,"<0.1",0.083,19.6,10,25,2190,NA,140,142,"Sun_2020a","experimental",144,"Low validity","microfauna",2.55,0.0634,2020,0.1,2.07768662862583,136.814148062838,1.9431802805153,146.284381787577,136.814148062838,0.000109063701730592,0.153677277716795,0.2,24.4974789915966,18.8235294117647,"pass",1.23898535454755,0.871295508505612,0.0236167056864449,0.04,-0.247230015435403,0.0159378912464156,-0.249277927224597,0.0159041764216112,0.12611176163075,8,0.5,0.707106781186548
"19","Lindberg_2004a_1","abundance",NA,FALSE,"Oribatida",NA,NA,"tullgren funnel","precip_inc","undisturbed vs disturbed",59800,93300,"mean","densities m?2",4500,38200,"SE",4,4,"p 129 tab 1",FALSE,">0.05",NA,100,8,NA,4750,NA,76400,9000,"Lindberg_2004a","experimental",2500,"Medium validity","mesofauna",1,1.1158,2004,0.525,NA,NA,0.674694850800311,70218.639260848,70218.639260848,6.92560978851422e-06,0.818863879957128,0.150501672240803,4.59747459193101,25.0143790849673,"pass",1.23898535454755,0.871295508505612,0.670538053898441,0.022650753347278,-0.525800359465607,0.180330550848197,-0.444814446896712,0.17329720181143,0.41628980507746,8,0.5,0.707106781186548
"20","Lindberg_2004a_1","abundance",NA,FALSE,"Mesostigmata",NA,NA,"tullgren funnel","precip_inc","undisturbed vs disturbed",11600,13600,"mean","densities m?2",2000,2300,"SE",4,4,"p 129 tab 1",FALSE,">0.05",NA,100,8,NA,4750,NA,4600,4000,"Lindberg_2004a","experimental",2500,"Medium validity","mesofauna",0.9,2.1,2004,0.525,NA,NA,0.674694850800311,4192.15756781182,4192.15756781182,1.34549428930101e-05,0.338235294117647,0.344827586206897,11.1304347826087,10.9176470588235,"pass",1.23898535454755,0.871295508505612,0.114403114186851,0.118906064209275,-0.158501825876884,0.0587527121715532,-0.159064694629687,0.0583272945990315,0.241510444078577,8,0.5,0.707106781186548
"21","Lindberg_2004a_1","abundance",NA,FALSE,"Collembola",NA,NA,"tullgren funnel","precip_inc","undisturbed vs disturbed",41200,39100,"mean","densities m?2",8300,4100,"SE",4,4,"p 129 tab 1",FALSE,">0.05",NA,100,8,NA,4750,NA,8200,16600,"Lindberg_2004a","experimental",2500,"Medium validity","mesofauna",3.75,1.0651,2004,0.525,NA,NA,0.674694850800311,4401.76544620241,4401.76544620241,1.36809726993274e-06,0.209718670076726,0.402912621359223,17.9512195121951,9.34372785258682,"pass",1.23898535454755,0.871295508505612,0.0439819205787508,0.162338580450561,0.0671103718481368,0.0520221287579607,0.0523157893641606,0.0515801252573279,0.227112582780717,8,0.5,0.707106781186548
"22","Lindberg_2004a_1","abundance",NA,FALSE,"Macroarthropods",NA,"predator","tullgren funnel","precip_inc","undisturbed vs disturbed",630,800,"mean","densities m?2",110,200,"SE",4,4,"p 129 tab 1",FALSE,">0.05",NA,100,8,NA,4750,NA,400,220,"Lindberg_2004a","experimental",2500,"Medium validity","macrofauna",47.5,15.1463,2004,0.525,NA,NA,0.674694850800311,356.333393264004,356.333393264004,0.000363640573305861,0.5,0.349206349206349,7.52941176470588,10.7807486631016,"pass",1.23898535454755,0.871295508505612,0.25,0.121945074326027,-0.254898773991596,0.0941951842245126,-0.238891908282349,0.0929862685815067,0.304936499260923,8,0.5,0.707106781186548
"23","Liu_2020a_1","abundance",NA,FALSE,"Nematoda",NA,"bacterivore","baerman funnel","precip_inc","undisturbed vs disturbed",231.4285714,257.1428571,"mean","ind 100g-1 dry soil",38.57142857,30,"SE",4,4,"p 6 fig 2",FALSE,">0.05",NA,50.3,10,30,1095,NA,60,77.14285714,"Liu_2020a","experimental",907,"Medium validity","microfauna",2.55,0.0634,2020,0.525,NA,NA,0.674694850800311,53.8991686990651,53.8991686990651,0.000455372396860738,0.233333333372222,0.33333333336214,16.1344537788235,11.2941176460828,"pass",1.23898535454755,0.871295508505612,0.0544444444625926,0.111111111130316,-0.0982771822811511,0.0416281057193122,-0.105360515614616,0.041388888898227,0.203442593618512,8,0.5,0.707106781186548
"24","Liu_2020a_1","abundance",NA,FALSE,"Nematoda",NA,"fungivore","baerman funnel","precip_inc","undisturbed vs disturbed",70.55084746,104.8728814,"mean","ind 100g-1 dry soil",13.34745763,28.60169492,"SE",4,4,"p 6 fig 2",FALSE,">0.05",NA,50.3,10,30,1095,NA,57.20338984,26.69491526,"Liu_2020a","experimental",907,"Medium validity","microfauna",2.55,0.0634,2020,0.525,NA,NA,0.674694850800311,71.9416871621325,71.9416871621325,0.00524868888703371,0.545454545315849,0.378378378447334,6.90196078606873,9.94957983011957,"pass",1.23898535454755,0.871295508505612,0.29752066100572,0.143170197276434,-0.415709080940976,0.111876093462936,-0.396415272974815,0.110172714570538,0.331922753921057,8,0.5,0.707106781186548
"25","Liu_2020a_1","abundance",NA,FALSE,"Nematoda",NA,"omnivore","baerman funnel","precip_inc","undisturbed vs disturbed",36.48,35.04,"mean","ind 100g-1 dry soil",7.2,7.68,"SE",4,4,"p 6 fig 2",FALSE,">0.05",NA,50.3,10,30,1095,NA,15.36,14.4,"Liu_2020a","experimental",907,"Medium validity","microfauna",2.55,0.0634,2020,0.525,NA,NA,0.674694850800311,3.0183534488245,3.0183534488245,0.00118160762882223,0.438356164383562,0.394736842105263,8.58823529411765,9.53725490196078,"pass",1.23898535454755,0.871295508505612,0.192156126853068,0.155817174515235,0.0357315300957108,0.0879496217320929,0.0402738991379399,0.0869933253420759,0.294946309253186,8,0.5,0.707106781186548
"26","Liu_2020a_1","abundance",NA,FALSE,"Nematoda",NA,"predator","baerman funnel","precip_inc","undisturbed vs disturbed",6.86440678,16.01694915,"mean","ind 100g-1 dry soil",1.271186441,6.86440678,"SE",4,4,"p 6 fig 2",FALSE,">0.05",NA,50.3,10,30,1095,NA,13.72881356,2.542372882,"Liu_2020a","experimental",907,"Medium validity","microfauna",2.55,0.0634,2020,0.525,NA,NA,0.674694850800311,19.1844498805569,19.1844498805569,0.120480080558038,0.85714285732124,0.370370370445908,4.39215686183103,10.1647058802798,"pass",1.23898535454755,0.871295508505612,0.734693877856819,0.137174211304239,-0.921987818498163,0.226695020077877,-0.847297860179091,0.217967022290264,0.466869384614438,8,0.5,0.707106781186548
"27","Liu_2020a_1","abundance",NA,FALSE,"Nematoda",NA,"herbivore","baerman funnel","precip_inc","undisturbed vs disturbed",367.9245283,362.2641509,"mean","ind 100g-1 dry soil",107.5471698,84.90566038,"SE",4,4,"p 6 fig 2",FALSE,">0.05",NA,50.3,10,30,1095,NA,169.81132076,215.0943396,"Liu_2020a","experimental",907,"Medium validity","microfauna",2.55,0.0634,2020,0.525,NA,NA,0.674694850800311,11.8645969770405,11.8645969770405,4.45134330131449e-05,0.468750000070736,0.584615384556844,8.03137254780765,6.43962848361697,"pass",1.23898535454755,0.871295508505612,0.219726562566315,0.341775147860547,0.0307602598124077,0.142954959075345,0.0155041866506287,0.140375427606715,0.374667089036007,8,0.5,0.707106781186548
"28","Liu_2020a_1","abundance",NA,FALSE,"Nematoda",NA,NA,"baerman funnel","precip_inc","undisturbed vs disturbed",216.86747,614.4578313,"mean","ind 100g-1 dry soil",60.24096386,144.5783133,"SE",4,4,"p 6 fig 2",NA,NA,NA,50.3,10,30,90,NA,289.1566266,120.48192772,"Liu_2020a","experimental",907,"Medium validity","microfauna",2.55,0.0634,2020,NA,NA,NA,NA,NA,NA,NA,0.470588235466436,0.555555555289136,7.99999999707059,6.77647059148499,"pass",1.23898535454755,0.871295508505612,0.221453287359414,0.30864197501262,-1.03055528827478,0.134778525393352,-1.04145387423143,0.132523815593008,0.36403820622705,8,0.5,0.707106781186548
"29","Liu_2020a_1","abundance",NA,FALSE,"Nematoda",NA,NA,"baerman funnel","precip_inc","undisturbed vs disturbed",662.650602,710.8433735,"mean","ind 100g-1 dry soil",216.8674699,168.6746988,"SE",4,4,"p 6 fig 2",NA,NA,NA,50.3,10,30,110,NA,337.3493976,433.7349398,"Liu_2020a","experimental",907,"Medium validity","microfauna",2.55,0.0634,2020,NA,NA,NA,NA,NA,NA,NA,0.474576271195978,0.654545455011901,7.93277310908428,5.75163398282934,"pass",1.23898535454755,0.871295508505612,0.225222637182279,0.428429752676736,-0.0448033698630977,0.167073680109722,-0.0702042592999048,0.163413097464754,0.404243858907904,8,0.5,0.707106781186548
"30","Liu_2020a_1","abundance",NA,FALSE,"Nematoda",NA,NA,"baerman funnel","precip_inc","undisturbed vs disturbed",337.349398,542.1686747,"mean","ind 100g-1 dry soil",84.3373494,120.4819277,"SE",4,4,"p 6 fig 2",NA,NA,NA,50.3,10,30,130,NA,240.9638554,168.6746988,"Liu_2020a","experimental",907,"Medium validity","microfauna",2.55,0.0634,2020,NA,NA,NA,NA,NA,NA,NA,0.444444444403457,0.499999999407143,8.47058823607529,7.52941177363361,"pass",1.23898535454755,0.871295508505612,0.197530864161097,0.249999999407143,-0.467899336477297,0.113468941548307,-0.474457978383052,0.11188271589206,0.334488738064617,8,0.5,0.707106781186548
"31","Liu_2020a_1","abundance",NA,FALSE,"Nematoda",NA,NA,"baerman funnel","precip_inc","undisturbed vs disturbed",2084.33735,1349.39759,"mean","ind 100g-1 dry soil",734.939759,385.5421687,"SE",4,4,"p 6 fig 2",NA,NA,NA,50.3,10,30,370,NA,771.0843374,1469.879518,"Liu_2020a","experimental",907,"Medium validity","microfauna",2.55,0.0634,2020,NA,NA,NA,NA,NA,NA,NA,0.571428571619133,0.705202311900231,6.58823529192059,5.33847637596168,"pass",1.23898535454755,0.871295508505612,0.326530612462682,0.49731030070943,0.456140184790402,0.211490537294074,0.434792723759559,0.205960228293028,0.453828412831356,8,0.5,0.707106781186548
"32","Liu_2020a_1","abundance",NA,FALSE,"Nematoda",NA,NA,"baerman funnel","precip_inc","undisturbed vs disturbed",373.493976,277.1084337,"mean","ind 100g-1 dry soil",NA,NA,"SE",4,4,"p 6 fig 2",NA,NA,NA,50.3,10,30,492,NA,NA,NA,"Liu_2020a","experimental",907,"Medium validity","microfauna",2.55,0.0634,2020,NA,NA,NA,NA,NA,NA,NA,NA,NA,NA,NA,NA,1.23898535454755,0.871295508505612,1.23898535454755,0.871295508505612,0.252531758184906,0.563417724699623,0.298492988940148,NA,NA,8,0.5,0.707106781186548
"33","Liu_2020a_1","abundance",NA,FALSE,"Nematoda",NA,NA,"baerman funnel","precip_inc","undisturbed vs disturbed",578.313253,554.2168675,"mean","ind 100g-1 dry soil",NA,NA,"SE",4,4,"p 6 fig 2",NA,NA,NA,50.3,10,30,730,NA,NA,NA,"Liu_2020a","experimental",907,"Medium validity","microfauna",2.55,0.0634,2020,NA,NA,NA,NA,NA,NA,NA,NA,NA,NA,NA,NA,1.23898535454755,0.871295508505612,1.23898535454755,0.871295508505612,-0.00340161641162692,0.563417724699623,0.0425596143436147,NA,NA,8,0.5,0.707106781186548
"34","Liu_2020a_1","abundance",NA,FALSE,"Nematoda",NA,NA,"baerman funnel","precip_inc","undisturbed vs disturbed",578.313253,506.0240964,"mean","ind 100g-1 dry soil",NA,216.8674699,"SE",4,4,"p 6 fig 2",NA,NA,NA,50.3,10,30,850,NA,433.7349398,NA,"Liu_2020a","experimental",907,"Medium validity","microfauna",2.55,0.0634,2020,NA,NA,NA,NA,NA,NA,NA,0.85714285719932,NA,4.39215686245577,NA,NA,1.23898535454755,0.871295508505612,0.734693877647813,0.871295508505612,0.150606596432343,0.421793142741407,0.133531392575118,NA,NA,8,0.5,0.707106781186548
"35","Liu_2020a_1","abundance",NA,FALSE,"Nematoda",NA,NA,"baerman funnel","precip_inc","undisturbed vs disturbed",927.710843,1638.554217,"mean","ind 100g-1 dry soil",313.253012,433.7349398,"SE",4,4,"p 6 fig 2",FALSE,">0.05",NA,50.3,10,30,1095,NA,867.4698796,626.506024,"Liu_2020a","experimental",907,"Medium validity","microfauna",2.55,0.0634,2020,0.525,NA,NA,0.674694850800311,1489.98371492149,1489.98371492149,0.000571548409721714,0.529411764713062,0.675324675492663,7.11111111101467,5.57466063209746,"pass",1.23898535454755,0.871295508505612,0.280276816616599,0.456063417329271,-0.546876139276764,0.188562385588949,-0.568849464365848,0.184085058486467,0.42905134714445,8,0.5,0.707106781186548
"36","Liu_2020a_1","abundance",NA,FALSE,"Nematoda",NA,NA,"baerman funnel","precip_inc","undisturbed vs disturbed",713.9718956,659.0509805,"mean","ind 100g-1 dry soil",126.2135922,116.5048544,"SE",4,4,"p 6 fig 2",FALSE,">0.05",NA,50.3,10,30,1095,NA,233.0097088,252.4271844,"Liu_2020a","experimental",907,"Medium validity","microfauna",2.55,0.0634,2020,0.525,NA,NA,0.674694850800311,115.118564933808,115.118564933808,0.000122717072872107,0.353553390700099,0.353553390484464,10.6481962311213,10.6481962376157,"pass",1.23898535454755,0.871295508505612,0.125000000075537,0.12499999992306,0.0800427077361794,0.0629882812496438,0.080042707755239,0.0624999999996493,0.249999999999299,8,0.5,0.707106781186548
"37","Riutta_2012a_1","abundance",NA,FALSE,"Oniscidea",NA,NA,"hand sorting","precip_inc","undisturbed vs disturbed",1.169491525,1.025423729,"mean","LOG abundance per plot",0.254237288,0.355932203,"SE",5,5,"p 128 fig 2",NA,NA,NA,NA,NA,30.25,120,NA,0.795888601289255,0.568491858383192,"Riutta_2012a","experimental",9,"Low validity","macrofauna",17.5,8.3264,2012,NA,NA,NA,NA,NA,NA,NA,0.776155825909559,0.486101734155954,5.48752835167908,8.76190476340318,"pass",1.23898535454755,0.871295508505612,0.602417866093349,0.236294895949426,0.0948508420019343,0.171929978040957,0.131463139016327,0.167742552408555,0.409563856325915,10,0.4,0.632455532033676
"38","Riutta_2012a_1","abundance",NA,FALSE,"Diplopoda",NA,NA,"hand sorting","precip_inc","undisturbed vs disturbed",0.970326409,0.863501484,"mean","LOG abundance per plot",0.37388724,0.18694362,"SE",5,5,"p 128 fig 2",NA,NA,NA,NA,NA,30.25,120,NA,0.418018642279889,0.836037284559779,"Riutta_2012a","experimental",9,"Low validity","macrofauna",151,18.7089,2012,NA,NA,NA,NA,NA,NA,NA,0.484097190364399,0.861604174435882,8.79818595268762,4.94331065977972,"pass",1.23898535454755,0.871295508505612,0.234350089718705,0.742361753405337,0.167438069212587,0.201402577999511,0.116636902843924,0.195342368624809,0.441975529441177,10,0.4,0.632455532033676
"39","Riutta_2012a_1","abundance",NA,FALSE,"Oniscidea",NA,NA,"hand sorting","precip_inc","undisturbed vs disturbed",1.245762712,0.805084746,"mean","LOG abundance per plot",0.093220339,0.245762712,"SE",5,5,"p 128 fig 2",NA,NA,NA,NA,NA,30.25,120,NA,0.549542130366703,0.208447014889575,"Riutta_2012a","experimental",9,"Low validity","macrofauna",17.5,8.3264,2012,NA,NA,NA,NA,NA,NA,NA,0.6825891722543,0.167324814655052,6.2397372726165,25.4545454526879,"pass",1.23898535454755,0.871295508505612,0.46592797807881,0.0279975935993475,0.392762656544356,0.100963841795671,0.436555694992302,0.0987851143356316,0.314300993214517,10,0.4,0.632455532033676
"40","Riutta_2012a_1","abundance",NA,FALSE,"Diplopoda",NA,NA,"hand sorting","precip_inc","undisturbed vs disturbed",1.379821958,1.237388724,"mean","LOG abundance per plot",0.240356083,0.364985163,"SE",5,5,"p 128 fig 2",NA,NA,NA,NA,NA,30.25,120,NA,0.816131635246841,0.537452540393582,"Riutta_2012a","experimental",9,"Low validity","macrofauna",151,18.7089,2012,NA,NA,NA,NA,NA,NA,NA,0.659559618911511,0.389508615424992,6.45760743665392,10.9347442683711,"pass",1.23898535454755,0.871295508505612,0.435018890898698,0.151716961490294,0.0806209905453086,0.119469765196224,0.108951183486149,0.117347170477798,0.342559732715038,10,0.4,0.632455532033676
"41","Tsiafouli_2005a_1","abundance",NA,FALSE,"Collembola",NA,NA,"berlese funnel","precip_inc","undisturbed vs disturbed",839,974,"mean",NA,615,772,"SD",7,7,"p 21 table 2, 3",FALSE,">0.05",NA,50.27,NA,34.935305,120,NA,772,615,"Tsiafouli_2005a","experimental",2.1875,"Medium validity","mesofauna",3.75,1.0651,2005,0.525,NA,NA,0.654718550746836,385.756403754169,385.756403754169,0.000136376716202416,0.792607802874743,0.733015494636472,6.4458575804318,6.96988952055278,"pass",1.23898535454755,0.871295508505612,0.628227129177928,0.537311715377152,-0.155694555303956,0.169992147208464,-0.149200597175329,0.166505549222154,0.408050914987522,14,0.285714285714286,0.534522483824849
"42","Tsiafouli_2005a_1","abundance",NA,FALSE,"Collembola",NA,NA,"berlese funnel","precip_inc","undisturbed vs disturbed",839,974,"mean",NA,615,772,"SD",7,7,"p 21 table 2, 3",FALSE,">0.05",NA,50.27,NA,34.935305,120,NA,772,615,"Tsiafouli_2005a","experimental",2.1875,"Medium validity","mesofauna",3.75,1.0651,2005,0.525,NA,NA,0.654718550746836,385.756403754169,385.756403754169,0.000136376716202416,0.792607802874743,0.733015494636472,6.4458575804318,6.96988952055278,"pass",1.23898535454755,0.871295508505612,0.628227129177928,0.537311715377152,-0.155694555303956,0.169992147208464,-0.149200597175329,0.166505549222154,0.408050914987522,14,0.285714285714286,0.534522483824849
"43","Tsiafouli_2005a_1","abundance",NA,FALSE,"Oribatida",NA,NA,"berlese funnel","precip_inc","undisturbed vs disturbed",1948,1497,"mean",NA,1244,1273,"SD",7,7,"p 21 table 2, 3",TRUE,"<0.05",NA,50.27,NA,34.935305,120,NA,1273,1244,"Tsiafouli_2005a","experimental",2.1875,"Medium validity","mesofauna",1,1.1158,2005,NA,NA,NA,NA,NA,NA,NA,0.850367401469606,0.638603696098563,6.00803488661502,8.00032484259381,"pass",1.23898535454755,0.871295508505612,0.72312471748217,0.407814680670745,0.240817954296322,0.165079210811663,0.263340099782852,0.161562771164702,0.401948717083041,14,0.285714285714286,0.534522483824849
"44","Tsiafouli_2005a_1","abundance",NA,FALSE,"Oribatida",NA,NA,"berlese funnel","precip_inc","undisturbed vs disturbed",1948,1497,"mean",NA,1244,1273,"SD",7,7,"p 21 table 2, 3",TRUE,"<0.05",NA,50.27,NA,34.935305,120,NA,1273,1244,"Tsiafouli_2005a","experimental",2.1875,"Medium validity","mesofauna",1,1.1158,2005,NA,NA,NA,NA,NA,NA,NA,0.850367401469606,0.638603696098563,6.00803488661502,8.00032484259381,"pass",1.23898535454755,0.871295508505612,0.72312471748217,0.407814680670745,0.240817954296322,0.165079210811663,0.263340099782852,0.161562771164702,0.401948717083041,14,0.285714285714286,0.534522483824849
"45","Tsiafouli_2005a_1","abundance",NA,FALSE,"Collembola",NA,NA,"berlese funnel","precip_inc","undisturbed vs disturbed",572,974,"mean",NA,338,772,"SD",7,7,"p 21 table 2, 3",FALSE,">0.05",NA,50.27,NA,38.4103512,120,NA,772,338,"Tsiafouli_2005a","experimental",2.1875,"Medium validity","mesofauna",3.75,1.0651,2005,0.525,NA,NA,0.654718550746836,1148.69684673464,1148.69684673464,0.000674528710224722,0.792607802874743,0.590909090909091,6.4458575804318,8.64606263987156,"pass",1.23898535454755,0.871295508505612,0.628227129177928,0.349173553719008,-0.552204710509803,0.142264339885541,-0.532272312262737,0.139628668985277,0.373669197265812,14,0.285714285714286,0.534522483824849
"46","Tsiafouli_2005a_1","abundance",NA,FALSE,"Collembola",NA,NA,"berlese funnel","precip_inc","undisturbed vs disturbed",572,974,"mean",NA,338,772,"SD",7,7,"p 21 table 2, 3",FALSE,">0.05",NA,50.27,NA,38.4103512,120,NA,772,338,"Tsiafouli_2005a","experimental",2.1875,"Medium validity","mesofauna",3.75,1.0651,2005,0.525,NA,NA,0.654718550746836,1148.69684673464,1148.69684673464,0.000674528710224722,0.792607802874743,0.590909090909091,6.4458575804318,8.64606263987156,"pass",1.23898535454755,0.871295508505612,0.628227129177928,0.349173553719008,-0.552204710509803,0.142264339885541,-0.532272312262737,0.139628668985277,0.373669197265812,14,0.285714285714286,0.534522483824849
"47","Tsiafouli_2005a_1","abundance",NA,FALSE,"Oribatida",NA,NA,"berlese funnel","precip_inc","undisturbed vs disturbed",1689,1497,"mean",NA,703,1273,"SD",7,7,"p 21 table 2, 3",TRUE,"<0.05",NA,50.27,NA,38.4103512,120,NA,1273,703,"Tsiafouli_2005a","experimental",2.1875,"Medium validity","mesofauna",1,1.1158,2005,NA,NA,NA,NA,NA,NA,NA,0.850367401469606,0.416222616933097,6.00803488661502,12.2747702950769,"pass",1.23898535454755,0.871295508505612,0.72312471748217,0.173241266846635,0.081396143057062,0.13087331354479,0.120673532388172,0.128052283475544,0.357843937318412,14,0.285714285714286,0.534522483824849
"48","Tsiafouli_2005a_1","abundance",NA,FALSE,"Oribatida",NA,NA,"berlese funnel","precip_inc","undisturbed vs disturbed",1689,1497,"mean",NA,703,1273,"SD",7,7,"p 21 table 2, 3",TRUE,"<0.05",NA,50.27,NA,38.4103512,120,NA,1273,703,"Tsiafouli_2005a","experimental",2.1875,"Medium validity","mesofauna",1,1.1158,2005,NA,NA,NA,NA,NA,NA,NA,0.850367401469606,0.416222616933097,6.00803488661502,12.2747702950769,"pass",1.23898535454755,0.871295508505612,0.72312471748217,0.173241266846635,0.081396143057062,0.13087331354479,0.120673532388172,0.128052283475544,0.357843937318412,14,0.285714285714286,0.534522483824849
"49","Frew_2013a_1","abundance",NA,FALSE,"Nematoda",NA,"parasite","Galleria mellonella baiting method","precip_inc","undisturbed vs disturbed",36.6255144,13.3744856,"mean","ind",7.818930041,3.497942387,"SE",16,16,"p 279 fig 4",TRUE,"<0.05",0.013,NA,NA,1.6778523,365,NA,13.991769548,31.275720164,"Frew_2013a","experimental",1600,"Low validity","microfauna",2.55,0.0634,2013,NA,2.64092523843464,24.9018183396797,NA,NA,24.9018183396797,0.00986098298346654,1.04615384594679,0.853932584329792,7.52941176619609,9.22429149732619,"pass",1.23898535454755,0.871295508505612,1.09443786938927,0.729200858580157,0.995982623472622,0.115666412824366,1.00739628006041,0.113977420498089,0.337605421310276,32,0.125,0.353553390593274
"50","Johnson_2018a_1","abundance",NA,FALSE,"Collembola",NA,NA,"pitfall traps","precip_inc","undisturbed vs disturbed",861.9402985,287.3134328,"mean","ind per plot",108.2089552,41.04477612,"SE",16,16,"p 288 fig 4",NA,NA,NA,204,NA,1.9837167,243,NA,164.17910448,432.8358208,"Johnson_2018a","experimental",1353.3,"Low validity","mesofauna",3.75,1.0651,2018,NA,NA,NA,NA,NA,NA,NA,0.571428571508126,0.502164502058027,13.7846153826963,15.6859416478883,"pass",1.23898535454755,0.871295508505612,0.326530612335818,0.252169187127187,1.09628849424636,0.0363349596732042,1.09861228878413,0.0361687374664378,0.19018080204489,32,0.125,0.353553390593274
"51","Johnson_2018a_1","abundance",NA,FALSE,"Isopoda",NA,NA,"pitfall traps","precip_inc","undisturbed vs disturbed",21.78217822,5.148514851,"mean","ind per plot",4.455445545,1.485148515,"SE",16,16,"p 288 fig 4",NA,NA,NA,204,NA,1.9837167,243,NA,5.94059406,17.82178218,"Johnson_2018a","experimental",1353.3,"Low validity","macrofauna",17.5,8.3264,2018,NA,NA,NA,NA,NA,NA,NA,1.15384615407027,0.818181818181818,6.82666666534072,9.62735042735043,"pass",1.23898535454755,0.871295508505612,1.33136094726274,0.669421487603306,1.42169821985081,0.127217502862684,1.44238382796516,0.125048902179128,0.353622541955583,32,0.125,0.353553390593274
"52","Johnson_2018a_1","abundance",NA,FALSE,"Diptera",NA,NA,"pitfall traps","precip_inc","undisturbed vs disturbed",11.11842105,8.355263158,"mean","ind per plot",1.907894737,1.381578947,"SE",16,16,"p 288 fig 4",NA,NA,NA,204,NA,1.9837167,243,NA,5.526315788,7.631578948,"Johnson_2018a","experimental",1353.3,"Low validity","macrofauna",35.2,6,2018,NA,NA,NA,NA,NA,NA,NA,0.661417322649935,0.686390532763643,11.9091575124833,11.4758620652996,"pass",1.23898535454755,0.871295508505612,0.437472874701408,0.471131963467557,0.28676347473914,0.057191462388588,0.285711628215197,0.0567878023855603,0.238301914355635,32,0.125,0.353553390593274
"53","Johnson_2018a_1","abundance",NA,FALSE,"Coleoptera",NA,NA,"pitfall traps","precip_inc","undisturbed vs disturbed",7.086092715,5.496688742,"mean","ind per plot",1.125827815,0.860927152,"SE",16,16,"p 288 fig 4",NA,NA,NA,204,NA,1.9837167,243,NA,3.443708608,4.50331126,"Johnson_2018a","experimental",1353.3,"Low validity","macrofauna",50.5,18.0707,2018,NA,NA,NA,NA,NA,NA,NA,0.626506023833358,0.635514018955367,12.5727810703672,12.3945701306021,"pass",1.23898535454755,0.871295508505612,0.392509797899484,0.403878068288803,0.254343485031662,0.0500839891323654,0.253988226581996,0.0497742416367679,0.223101415586652,32,0.125,0.353553390593274
"54","Johnson_2018a_1","abundance",NA,FALSE,"Thysanoptera",NA,NA,"pitfall traps","precip_inc","undisturbed vs disturbed",6.784386617,5.576208178,"mean","ind per plot",1.858736059,1.672862454,"SE",16,16,"p 288 fig 4",NA,NA,NA,204,NA,1.9837167,243,NA,6.691449816,7.434944236,"Johnson_2018a","experimental",1353.3,"Low validity","mesofauna",7.75,1.05,2018,NA,NA,NA,NA,NA,NA,NA,1.2000000004304,1.09589041069238,6.56410256174824,7.1876923094404,"pass",1.23898535454755,0.871295508505612,1.44000000103296,1.20097579224751,0.188645372465617,0.168494525025869,0.196114878990163,0.165060987080029,0.406276983202383,32,0.125,0.353553390593274
"55","Johnson_2018a_1","abundance",NA,FALSE,"Acari",NA,NA,"pitfall traps","precip_inc","undisturbed vs disturbed",8.782287823,3.542435424,"mean","ind per plot",2.804428044,0.885608856,"SE",16,16,"p 288 fig 4",NA,NA,NA,204,NA,1.9837167,243,NA,3.542435424,11.217712176,"Johnson_2018a","experimental",1353.3,"Low validity","mesofauna",0.5,1.1158,2018,NA,NA,NA,NA,NA,NA,NA,1,1.27731092422431,7.87692307692308,6.16680162013539,"pass",1.23898535454755,0.871295508505612,1,1.63152319714275,0.927657582228215,0.168046242734327,0.907922482317504,0.164470199821422,0.405549256960757,32,0.125,0.353553390593274
"56","Chikoski_2006a_1","abundance",NA,FALSE,"Collembola",NA,NA,"visual observation","precip_inc","undisturbed vs disturbed",27.36486486,16.55405405,"mean","ind 200cm-2",8.445945946,3.716216216,"SE",12,12,"p 207 fig 2",NA,NA,NA,199.5,0,NA,7,NA,12.8733505960467,29.2576149929048,"Chikoski_2006a","experimental",997.5,"Medium validity","mesofauna",3.75,1.0651,2006,NA,NA,NA,NA,NA,NA,NA,0.777655464767962,1.06916716536289,8.72727272564321,6.3477551008717,"pass",1.23898535454755,0.871295508505612,0.604748021883475,1.14311842749012,0.525060956862542,0.148559078956896,0.502628856628932,0.145655537447799,0.381648447458914,24,0.166666666666667,0.408248290463863
"57","Chikoski_2006a_1","abundance",NA,FALSE,"Collembola",NA,NA,"visual observation","precip_inc","undisturbed vs disturbed",14.86486486,5.067567568,"mean","ind 200cm-2",7.432432432,5.067567568,"SE",12,12,"p 207 fig 2",NA,NA,NA,199.5,0,NA,14,NA,17.5545689971285,25.7467011920934,"Chikoski_2006a","experimental",997.5,"Medium validity","mesofauna",3.75,1.0651,2006,NA,NA,NA,NA,NA,NA,NA,3.46410161513775,1.73205080803496,1.95918367346939,3.91836734588438,"fail",1.23898535454755,0.871295508505612,12,3.00000000161454,0.701139432470718,1.51562500015136,1.07613943240345,1.25000000013455,1.11803398881007,24,0.166666666666667,0.408248290463863
"58","Chikoski_2006a_1","abundance",NA,FALSE,"Collembola",NA,NA,"visual observation","precip_inc","undisturbed vs disturbed",17.90540541,1.351351351,"mean","ind 200cm-2",10.13513514,1.351351351,"SE",12,12,"p 207 fig 2",NA,NA,NA,199.5,0,NA,21,NA,4.68121839761769,35.1091380081134,"Chikoski_2006a","experimental",997.5,"Medium validity","mesofauna",3.75,1.0651,2006,NA,NA,NA,NA,NA,NA,NA,3.46410161513775,1.96081223542167,1.95918367346939,3.46122448902269,"fail",1.23898535454755,0.871295508505612,12,3.84478462257934,2.24419691222297,1.59606255326012,2.58399755294884,1.32039871854828,1.14908603618192,24,0.166666666666667,0.408248290463863
"59","Chikoski_2006a_1","abundance",NA,FALSE,"Collembola",NA,NA,"visual observation","precip_inc","undisturbed vs disturbed",10.13513514,1.689189189,"mean","ind 200cm-2",3.716216216,2.027027027,"SE",12,12,"p 207 fig 2",NA,NA,NA,199.5,0,NA,28,NA,7.02182759815858,12.8733505960467,"Chikoski_2006a","experimental",997.5,"Medium validity","mesofauna",3.75,1.0651,2006,NA,NA,NA,NA,NA,NA,NA,4.15692193857546,1.27017059153359,1.6326530610634,5.34322820324669,"fail",1.23898535454755,0.871295508505612,17.2800000034099,1.6133333315968,1.13898169182784,2.09736327193925,1.79175946982005,1.57444444458389,1.25476868170348,24,0.166666666666667,0.408248290463863
"60","Chikoski_2006a_1","abundance",NA,FALSE,"Collembola",NA,NA,"visual observation","precip_inc","undisturbed vs disturbed",44.93243243,23.64864865,"mean","ind 200cm-2",6.756756757,9.797297297,"SE",12,12,"p 207 fig 2",NA,NA,NA,199.5,0,NA,35,NA,33.9388333905225,23.4060919950166,"Chikoski_2006a","experimental",997.5,"Medium validity","mesofauna",3.75,1.0651,2006,NA,NA,NA,NA,NA,NA,NA,1.43512781186009,0.520917536157894,4.7290640398226,13.0285714273971,"pass",1.23898535454755,0.871295508505612,2.05959183637432,0.27135507947681,0.567344021190387,0.201737854292486,0.641853886061117,0.194245576320927,0.440732998901747,24,0.166666666666667,0.408248290463863
"61","Chikoski_2006a_1","abundance",NA,FALSE,"Collembola",NA,NA,"visual observation","precip_inc","undisturbed vs disturbed",39.18918919,19.59459459,"mean","ind 200cm-2",9.121621622,4.391891892,"SE",12,12,"p 207 fig 2",NA,NA,NA,199.5,0,NA,42,NA,15.2139597965876,31.5982241934457,"Chikoski_2006a","experimental",997.5,"Medium validity","mesofauna",3.75,1.0651,2006,NA,NA,NA,NA,NA,NA,NA,0.77643656911136,0.806299513885035,8.74097331013711,8.4172335599157,"pass",1.23898535454755,0.871295508505612,0.602853745853419,0.650118906091243,0.695116562491694,0.105779122438004,0.693147180815118,0.104414387662055,0.323132152009136,24,0.166666666666667,0.408248290463863
"62","Chikoski_2006a_1","abundance",NA,FALSE,"Collembola",NA,NA,"visual observation","precip_inc","undisturbed vs disturbed",15.54054054,5.743243243,"mean","ind 200cm-2",5.067567568,3.716216216,"SE",12,12,"p 207 fig 2",NA,NA,NA,199.5,0,NA,56,NA,12.8733505960467,17.5545689971285,"Chikoski_2006a","experimental",997.5,"Medium validity","mesofauna",3.75,1.0651,2006,NA,NA,NA,NA,NA,NA,NA,2.24147751564189,1.12959835289799,3.02782931359153,6.00816326458445,"pass",1.23898535454755,0.871295508505612,5.02422145312814,1.27599243886986,0.839251843513021,0.57166879293408,0.995428052440449,0.525017824333167,0.724581137163511,24,0.166666666666667,0.408248290463863
"63","Chikoski_2006a_1","abundance",NA,FALSE,"Collembola",NA,NA,"visual observation","precip_inc","undisturbed vs disturbed",23.64864865,18.91891892,"mean","ind 200cm-2",6.418918919,6.756756757,"SE",12,12,"p 207 fig 2",NA,NA,NA,199.5,0,NA,63,NA,23.4060919950166,22.2357873947462,"Chikoski_2006a","experimental",997.5,"Medium validity","mesofauna",3.75,1.0651,2006,NA,NA,NA,NA,NA,NA,NA,1.23717914823733,0.940256152638396,5.48571428583027,7.21804511310324,"pass",1.23898535454755,0.871295508505612,1.53061224483324,0.884081632574358,0.196204775803423,0.206648750508079,0.22314355131421,0.201224489783966,0.448580527646894,24,0.166666666666667,0.408248290463863
"64","Chikoski_2006a_1","abundance",NA,FALSE,"Collembola",NA,NA,"visual observation","precip_inc","undisturbed vs disturbed",9.797297297,6.756756757,"mean","ind 200cm-2",4.72972973,3.716216216,"SE",12,12,"p 207 fig 2",NA,NA,NA,199.5,0,NA,70,NA,12.8733505960467,16.3842643968581,"Chikoski_2006a","experimental",997.5,"Medium validity","mesofauna",3.75,1.0651,2006,NA,NA,NA,NA,NA,NA,NA,1.90525588814632,1.67232491779902,3.5621521339162,4.05830903754582,"pass",1.23898535454755,0.871295508505612,3.62999999931624,2.79667063069149,0.336841499340107,0.572011209812464,0.371563556366138,0.535555885833977,0.731816838993185,24,0.166666666666667,0.408248290463863
"65","Chikoski_2006a_1","abundance",NA,FALSE,"Collembola",NA,NA,"visual observation","precip_inc","undisturbed vs disturbed",30.06756757,12.83783784,"mean","ind 200cm-2",8.445945946,3.716216216,"SE",12,12,"p 207 fig 2",NA,NA,NA,199.5,0,NA,77,NA,12.8733505960467,29.2576149929048,"Chikoski_2006a","experimental",997.5,"Medium validity","mesofauna",3.75,1.0651,2006,NA,NA,NA,NA,NA,NA,NA,1.00276625678633,0.973062251370697,6.76808905533701,6.97469387807063,"pass",1.23898535454755,0.871295508505612,1.00554016574927,0.94685014504261,0.848604792388788,0.16601106100714,0.851050209918232,0.16269919256599,0.40335987971784,24,0.166666666666667,0.408248290463863
"66","Chikoski_2006a_1","abundance",NA,FALSE,"Collembola",NA,NA,"visual observation","precip_inc","undisturbed vs disturbed",53.04054054,24.32432432,"mean","ind 200cm-2",10.81081081,6.418918919,"SE",12,12,"p 207 fig 2",NA,NA,NA,199.5,0,NA,84,NA,22.2357873947462,37.4497471878697,"Chikoski_2006a","experimental",997.5,"Medium validity","mesofauna",3.75,1.0651,2006,NA,NA,NA,NA,NA,NA,NA,0.914137926390968,0.706058927880407,7.4242749717335,9.61224489858214,"pass",1.23898535454755,0.871295508505612,0.835648148466379,0.49851920963963,0.765532647382058,0.112824413922749,0.77957968649984,0.111180613175501,0.333437570131953,24,0.166666666666667,0.408248290463863
"67","Chikoski_2006a_1","abundance",NA,FALSE,"Collembola",NA,NA,"visual observation","precip_inc","undisturbed vs disturbed",61.48648649,23.64864865,"mean","ind 200cm-2",16.21621622,7.094594595,"SE",12,12,"p 207 fig 2",NA,NA,NA,199.5,0,NA,91,NA,24.5763965952871,56.1746207991251,"Chikoski_2006a","experimental",997.5,"Medium validity","mesofauna",3.75,1.0651,2006,NA,NA,NA,NA,NA,NA,NA,1.03923048454133,0.913609217340157,6.53061224489796,7.42857142726259,"pass",1.23898535454755,0.871295508505612,1.08,0.834681802008895,0.945289853444474,0.162791354526097,0.955511445027436,0.159556816834075,0.399445636894527,24,0.166666666666667,0.408248290463863
"68","Chikoski_2006a_1","abundance",NA,FALSE,"Collembola",NA,NA,"visual observation","precip_inc","undisturbed vs disturbed",51.35135135,30.06756757,"mean","ind 200cm-2",10.81081081,6.756756757,"SE",12,12,"p 207 fig 2",NA,NA,NA,199.5,0,NA,98,NA,23.4060919950166,37.4497471878697,"Chikoski_2006a","experimental",997.5,"Medium validity","mesofauna",3.75,1.0651,2006,NA,NA,NA,NA,NA,NA,NA,0.7784498011196,0.729284550519812,8.71836734733022,9.30612244943265,"pass",1.23898535454755,0.871295508505612,0.605984092863145,0.531855955626884,0.532155478622078,0.0959486281351742,0.535244151006922,0.0948200040408357,0.307928569705436,24,0.166666666666667,0.408248290463863
"69","Chikoski_2006a_1","abundance",NA,FALSE,"Collembola",NA,NA,"visual observation","precip_inc","undisturbed vs disturbed",55.40540541,15.87837838,"mean","ind 200cm-2",19.93243243,6.081081081,"SE",12,12,"p 207 fig 2",NA,NA,NA,199.5,0,NA,105,NA,21.0654827944757,69.0479713743871,"Chikoski_2006a","experimental",997.5,"Medium validity","mesofauna",3.75,1.0651,2006,NA,NA,NA,NA,NA,NA,NA,1.3266772141549,1.2462316783612,5.11564625909406,5.44586648330228,"pass",1.23898535454755,0.871295508505612,1.7600724305578,1.55309339615098,1.24109469966132,0.285663044687498,1.24971882609494,0.276097152225731,0.525449476377826,24,0.166666666666667,0.408248290463863
"70","Chikoski_2006a_1","abundance",NA,FALSE,"Collembola",NA,NA,"visual observation","precip_inc","undisturbed vs disturbed",32.09459459,16.89189189,"mean","ind 200cm-2",10.13513514,12.83783784,"SE",12,12,"p 207 fig 2",NA,NA,NA,199.5,0,NA,112,NA,44.4715747964206,35.1091380081134,"Chikoski_2006a","experimental",997.5,"Medium validity","mesofauna",3.75,1.0651,2006,NA,NA,NA,NA,NA,NA,NA,2.63271722824296,1.09392682651466,2.57787325384209,6.20408162878694,"fail",1.23898535454755,0.871295508505612,6.93120000388731,1.19667590176844,0.402915381886284,0.76321460100562,0.641853886141237,0.677322992137979,0.82299635001498,24,0.166666666666667,0.408248290463863
"71","Chikoski_2006a_1","abundance",NA,FALSE,"Collembola",NA,NA,"visual observation","precip_inc","undisturbed vs disturbed",43.91891892,23.31081081,"mean","ind 200cm-2",12.83783784,10.47297297,"SE",12,12,"p 207 fig 2",NA,NA,NA,199.5,0,NA,119,NA,36.279442580671,44.4715747964206,"Chikoski_2006a","experimental",997.5,"Medium validity","mesofauna",3.75,1.0651,2006,NA,NA,NA,NA,NA,NA,NA,1.55633550786263,1.01258354918588,4.36076366138905,6.70247046090511,"pass",1.23898535454755,0.871295508505612,2.42218021303403,1.02532544408188,0.575225663878048,0.299302987486561,0.633427945917721,0.287292138092992,0.5359963974627,24,0.166666666666667,0.408248290463863
"72","Chikoski_2006a_1","abundance",NA,FALSE,"Collembola",NA,NA,"visual observation","precip_inc","undisturbed vs disturbed",28.37837838,7.094594595,"mean","ind 200cm-2",12.16216216,4.391891892,"SE",12,12,"p 207 fig 2",NA,NA,NA,199.5,0,NA,126,NA,15.2139597965876,42.1309655820233,"Chikoski_2006a","experimental",997.5,"Medium validity","mesofauna",3.75,1.0651,2006,NA,NA,NA,NA,NA,NA,NA,2.14444385692029,1.48461497756741,3.16483516493811,4.57142857250249,"pass",1.23898535454755,0.871295508505612,4.59863945548315,2.20408163161749,1.28652111845882,0.61204179316179,1.38629436111989,0.566893423925053,0.752923252347179,24,0.166666666666667,0.408248290463863
"73","Chikoski_2006a_1","abundance",NA,FALSE,"Collembola",NA,NA,"visual observation","precip_inc","undisturbed vs disturbed",29.72972973,4.054054054,"mean","ind 200cm-2",8.783783784,3.716216216,"SE",12,12,"p 207 fig 2",NA,NA,NA,199.5,0,NA,133,NA,12.8733505960467,30.4279195931752,"Chikoski_2006a","experimental",997.5,"Medium validity","mesofauna",3.75,1.0651,2006,NA,NA,NA,NA,NA,NA,NA,3.17542648040053,1.02348456812477,2.13729128024428,6.63108320240883,"fail",1.23898535454755,0.871295508505612,10.0833333324289,1.04752066118955,1.61593797007766,1.105992885976,1.99243016471263,0.92757116613487,0.963104961120474,24,0.166666666666667,0.408248290463863
"74","Chikoski_2006a_1","abundance",NA,FALSE,"Collembola",NA,NA,"visual observation","precip_inc","undisturbed vs disturbed",44.93243243,33.44594595,"mean","ind 200cm-2",15.54054054,6.756756757,"SE",12,12,"p 207 fig 2",NA,NA,NA,199.5,0,NA,140,NA,23.4060919950166,53.8340115847277,"Chikoski_2006a","experimental",997.5,"Medium validity","mesofauna",3.75,1.0651,2006,NA,NA,NA,NA,NA,NA,NA,0.699818508049004,1.19811033307835,9.69795918449985,5.6645962731823,"pass",1.23898535454755,0.871295508505612,0.489745944207934,1.43546837022911,0.334634378996032,0.164428311848567,0.295229277911816,0.160434526203087,0.400542789478337,24,0.166666666666667,0.408248290463863
"75","Chikoski_2006a_1","abundance",NA,FALSE,"Collembola",NA,NA,"visual observation","precip_inc","undisturbed vs disturbed",17.90540541,14.18918919,"mean","ind 200cm-2",6.081081081,4.391891892,"SE",12,12,"p 207 fig 2",NA,NA,NA,199.5,0,NA,147,NA,15.2139597965876,21.0654827944757,"Chikoski_2006a","experimental",997.5,"Medium validity","mesofauna",3.75,1.0651,2006,NA,NA,NA,NA,NA,NA,NA,1.07222192846014,1.1764873406726,6.32967032987622,5.76870748455039,"pass",1.23898535454755,0.871295508505612,1.14965986387079,1.38412246276289,0.242391570422052,0.216769209154404,0.232622295468214,0.211148527219473,0.459509006679383,24,0.166666666666667,0.408248290463863
"76","Chikoski_2006a_1","abundance",NA,FALSE,"Acari",NA,NA,"visual observation","precip_inc","undisturbed vs disturbed",4.421052632,4.92957746,"mean","ind 200cm-2",NA,2.957746479,"SE",12,12,"p 207 fig 2",NA,NA,NA,199.5,0,NA,63,NA,10.2459343550719,NA,"Chikoski_2006a","experimental",997.5,"Medium validity","mesofauna",0.5,1.1158,2006,NA,NA,NA,NA,NA,NA,NA,2.07846097119081,NA,3.26530611913703,NA,NA,1.23898535454755,0.871295508505612,4.32000000876343,0.871295508505612,-0.25257147754268,0.466325938832937,-0.108875456698604,NA,NA,24,0.166666666666667,0.408248290463863
"77","Chikoski_2006a_1","abundance",NA,FALSE,"Acari",NA,NA,"visual observation","precip_inc","undisturbed vs disturbed",12.28070175,4.92957746,"mean","ind 200cm-2",NA,3.943661972,"SE",12,12,"p 207 fig 2",NA,NA,NA,199.5,0,NA,70,NA,13.6612458067625,NA,"Chikoski_2006a","experimental",997.5,"Medium validity","mesofauna",0.5,1.1158,2006,NA,NA,NA,NA,NA,NA,NA,2.77128129492107,NA,2.44897958935277,NA,"fail",1.23898535454755,0.871295508505612,7.68000001557943,0.871295508505612,0.629079769252921,0.816325939684938,0.912775790380996,NA,NA,24,0.166666666666667,0.408248290463863
"78","Chikoski_2006a_1","abundance",NA,FALSE,"Acari",NA,NA,"visual observation","precip_inc","undisturbed vs disturbed",17.68421053,16.7605634,"mean","ind 200cm-2",NA,5.915492958,"SE",12,12,"p 207 fig 2",NA,NA,NA,199.5,0,NA,77,NA,20.4918687101438,NA,"Chikoski_2006a","experimental",997.5,"Medium validity","mesofauna",0.5,1.1158,2006,NA,NA,NA,NA,NA,NA,NA,1.2226240980744,NA,5.55102041445598,NA,NA,1.23898535454755,0.871295508505612,1.49480968519224,0.871295508505612,0.0276637134024241,0.202372675617333,0.053643470764367,NA,NA,24,0.166666666666667,0.408248290463863
"79","Chikoski_2006a_1","abundance",NA,FALSE,"Acari",NA,NA,"visual observation","precip_inc","undisturbed vs disturbed",10.80701754,10.84507042,"mean","ind 200cm-2",NA,4.929577465,"SE",12,12,"p 207 fig 2",NA,NA,NA,199.5,0,NA,84,NA,17.0765572584532,NA,"Chikoski_2006a","experimental",997.5,"Medium validity","mesofauna",0.5,1.1158,2006,NA,NA,NA,NA,NA,NA,NA,1.57459164368,NA,4.31020408044035,NA,NA,1.23898535454755,0.871295508505612,2.47933884434689,0.871295508505612,-0.0705167478908745,0.291209593585329,-0.00351494223082116,NA,NA,24,0.166666666666667,0.408248290463863
"80","Chikoski_2006a_1","abundance",NA,FALSE,"Acari",NA,NA,"visual observation","precip_inc","undisturbed vs disturbed",26.03508772,14.78873239,"mean","ind 200cm-2",NA,3.943661972,"SE",12,12,"p 207 fig 2",NA,NA,NA,199.5,0,NA,91,NA,13.6612458067625,NA,"Chikoski_2006a","experimental",997.5,"Medium validity","mesofauna",0.5,1.1158,2006,NA,NA,NA,NA,NA,NA,NA,0.92376043101572,NA,7.34693877302624,NA,NA,1.23898535454755,0.871295508505612,0.853333333910349,0.871295508505612,0.566328014046184,0.14630124666297,0.565579590104714,NA,NA,24,0.166666666666667,0.408248290463863
"81","Chikoski_2006a_1","abundance",NA,FALSE,"Acari",NA,NA,"visual observation","precip_inc","undisturbed vs disturbed",31.43859649,16.76056338,"mean","ind 200cm-2",NA,5.422535211,"SE",12,12,"p 207 fig 2",NA,NA,NA,199.5,0,NA,98,NA,18.7842129825664,NA,"Chikoski_2006a","experimental",997.5,"Medium validity","mesofauna",0.5,1.1158,2006,NA,NA,NA,NA,NA,NA,NA,1.12073875780221,NA,6.05565862728427,NA,NA,1.23898535454755,0.871295508505612,1.25605536324004,0.871295508505612,0.612975955999876,0.181336237469545,0.62900761661381,NA,NA,24,0.166666666666667,0.408248290463863
"82","Chikoski_2006a_1","abundance",NA,FALSE,"Acari",NA,NA,"visual observation","precip_inc","undisturbed vs disturbed",12.77192982,11.33802817,"mean","ind 200cm-2",NA,5.915492958,"SE",12,12,"p 207 fig 2",NA,NA,NA,199.5,0,NA,105,NA,20.4918687101438,NA,"Chikoski_2006a","experimental",997.5,"Medium validity","mesofauna",0.5,1.1158,2006,NA,NA,NA,NA,NA,NA,NA,1.80735736433999,NA,3.75510204098192,NA,NA,1.23898535454755,0.871295508505612,3.26654064243401,0.871295508505612,0.0192854989604385,0.364662463327981,0.119087379540789,NA,NA,24,0.166666666666667,0.408248290463863
"83","Chikoski_2006a_1","abundance",NA,FALSE,"Acari",NA,NA,"visual observation","precip_inc","undisturbed vs disturbed",69.26315789,42.88732394,"mean","ind 200cm-2",NA,16.26760563,"SE",12,12,"p 207 fig 2",NA,NA,NA,199.5,0,NA,112,NA,56.352638937307,NA,"Chikoski_2006a","experimental",997.5,"Medium validity","mesofauna",0.5,1.1158,2006,NA,NA,NA,NA,NA,NA,NA,1.31396957796073,NA,5.16512059445843,NA,NA,1.23898535454755,0.871295508505612,1.72651605180631,0.871295508505612,0.443702640328941,0.222977375755658,0.479336829633137,NA,NA,24,0.166666666666667,0.408248290463863
"84","Chikoski_2006a_1","abundance",NA,FALSE,"Acari",NA,NA,"visual observation","precip_inc","undisturbed vs disturbed",110.5263158,70,"mean","ind 200cm-2",NA,17.74647887,"SE",12,12,"p 207 fig 2",NA,NA,NA,199.5,0,NA,119,NA,61.475606116575,NA,"Chikoski_2006a","experimental",997.5,"Medium validity","mesofauna",0.5,1.1158,2006,NA,NA,NA,NA,NA,NA,NA,0.8782229445225,NA,7.72789115787323,NA,NA,1.23898535454755,0.871295508505612,0.771275540285771,0.871295508505612,0.46092590126678,0.139231653062798,0.456758402590953,NA,NA,24,0.166666666666667,0.408248290463863
"85","Chikoski_2006a_1","abundance",NA,FALSE,"Acari",NA,NA,"visual observation","precip_inc","undisturbed vs disturbed",88.42105263,62.6056338,"mean","ind 200cm-2",NA,13.30985915,"SE",12,12,"p 207 fig 2",NA,NA,NA,199.5,0,NA,126,NA,46.106704578771,NA,"Chikoski_2006a","experimental",997.5,"Medium validity","mesofauna",0.5,1.1158,2006,NA,NA,NA,NA,NA,NA,NA,0.736462547860525,NA,9.21541950413226,NA,NA,1.23898535454755,0.871295508505612,0.542377084401216,0.871295508505612,0.358959756688995,0.119634745181169,0.345254822351312,NA,NA,24,0.166666666666667,0.408248290463863
"86","Chikoski_2006a_1","abundance",NA,FALSE,"Acari",NA,NA,"visual observation","precip_inc","undisturbed vs disturbed",102.1754386,69.01408451,"mean","ind 200cm-2",NA,12.32394366,"SE",12,12,"p 207 fig 2",NA,NA,NA,199.5,0,NA,133,NA,42.6913931374727,NA,"Chikoski_2006a","experimental",997.5,"Medium validity","mesofauna",0.5,1.1158,2006,NA,NA,NA,NA,NA,NA,NA,0.618589574006256,NA,10.9714285736542,NA,NA,1.23898535454755,0.871295508505612,0.382653061069242,0.871295508505612,0.412740816952568,0.10606790029146,0.392380714976053,NA,NA,24,0.166666666666667,0.408248290463863
"87","Chikoski_2006a_1","abundance",NA,FALSE,"Acari",NA,NA,"visual observation","precip_inc","undisturbed vs disturbed",102.6666667,47.81690141,"mean","ind 200cm-2",NA,13.30985915,"SE",12,12,"p 207 fig 2",NA,NA,NA,199.5,0,NA,140,NA,46.106704578771,NA,"Chikoski_2006a","experimental",997.5,"Medium validity","mesofauna",0.5,1.1158,2006,NA,NA,NA,NA,NA,NA,NA,0.964234469804617,NA,7.03854875566939,NA,NA,1.23898535454755,0.871295508505612,0.929748112759392,0.871295508505612,0.761672806469018,0.152905696592087,0.764108331646258,NA,NA,24,0.166666666666667,0.408248290463863
"88","Chikoski_2006a_1","abundance",NA,FALSE,"Acari",NA,NA,"visual observation","precip_inc","undisturbed vs disturbed",7.368421053,6.901408451,"mean","ind 200cm-2",NA,5.422535211,"SE",12,12,"p 207 fig 2",NA,NA,NA,199.5,0,NA,147,NA,18.7842129825664,NA,"Chikoski_2006a","experimental",997.5,"Medium validity","mesofauna",0.5,1.1158,2006,NA,NA,NA,NA,NA,NA,NA,2.72179412592869,NA,2.49350649373641,NA,"fail",1.23898535454755,0.871295508505612,7.40816326393994,0.871295508505612,-0.206891560423114,0.786552187301593,0.0654779293866498,NA,NA,24,0.166666666666667,0.408248290463863
"89","Chikoski_2006a_1","abundance",NA,FALSE,"Acari",NA,NA,"visual observation","precip_inc","undisturbed vs disturbed",12.28070175,4.436619718,"mean","ind 200cm-2",NA,2.957746479,"SE",12,12,"p 207 fig 2",NA,NA,NA,199.5,0,NA,154,NA,10.2459343550719,NA,"Chikoski_2006a","experimental",997.5,"Medium validity","mesofauna",0.5,1.1158,2006,NA,NA,NA,NA,NA,NA,NA,2.30940107701877,NA,2.93877550987289,NA,"fail",1.23898535454755,0.871295508505612,5.33333333453545,0.871295508505612,0.832218062385992,0.567753098587465,1.01813630513724,NA,NA,24,0.166666666666667,0.408248290463863
"90","Williams_2014a_1","abundance",NA,FALSE,"Acari",NA,NA,"tullgren funnel","precip_inc","undisturbed vs disturbed",156,134,"mean","number m-2",35,13,"SE",30,30,"p 2014 text",NA,NA,NA,19.6,4,33,2557,NA,71.2039324756716,191.702895126808,"Williams_2014a","experimental",36,"Medium validity","mesofauna",0.5,1.1158,2014,NA,NA,NA,NA,NA,NA,NA,0.53137263041546,1.22886471235133,20.4450095359186,8.84061393152302,"pass",1.23898535454755,0.871295508505612,0.282356872354645,1.51010848126233,0.172478734113754,0.0604044431840508,0.152016207298626,0.0597488451205657,0.244435768905792,60,0.0666666666666667,0.258198889747161
"91","Williams_2014a_1","abundance",NA,FALSE,"Acari",NA,NA,"tullgren funnel","precip_inc","undisturbed vs disturbed",156,134,"mean","number m-2",35,13,"SE",30,30,"p 2014 text",NA,NA,NA,19.6,4,33,2557,NA,71.2039324756716,191.702895126808,"Williams_2014a","experimental",36,"Medium validity","mesofauna",0.5,1.1158,2014,NA,NA,NA,NA,NA,NA,NA,0.53137263041546,1.22886471235133,20.4450095359186,8.84061393152302,"pass",1.23898535454755,0.871295508505612,0.282356872354645,1.51010848126233,0.172478734113754,0.0604044431840508,0.152016207298626,0.0597488451205657,0.244435768905792,60,0.0666666666666667,0.258198889747161
"92","Frew_2013a_1","abundance",NA,FALSE,"Scarabaeidae",NA,NA,"hand sorting","precip_inc","undisturbed vs disturbed",15.41516245,3.411552347,"mean","ind larvae m-2",4.548736462,6.064981949,"SE",32,32,"p 278 fig 3",FALSE,">0.05",0.155,400,10,1.6778523,365,NA,34.3087189112952,25.7315391848856,"Frew_2013a","experimental",1600,"Low validity","macrofauna",35.75,1.955,2013,0.525,1.43963821228342,33.3517407375871,0.639273481656202,75.1078244128104,33.3517407375871,0.0939358019024559,10.0566297748487,1.66923568067138,1.1162790699924,6.72523686278428,"fail",1.23898535454755,0.871295508505612,101.135802428374,2.78634775762644,-0.0285260509435854,5.74664294200818,1.50818417828684,3.24756719331251,1.80210077224125,64,0.0625,0.25
"93","Chikoski_2006a_1","abundance",NA,FALSE,"Collembola",NA,NA,"visual observation","precip_inc","undisturbed vs disturbed",5.58,3.7,"mean",NA,NA,NA,NA,12,12,"p 206 table 1",TRUE,"<0.05",NA,199.5,0,NA,152,NA,NA,NA,"Chikoski_2006a","experimental",997.5,"Medium validity","mesofauna",3.75,1.0651,2006,NA,NA,NA,NA,NA,NA,NA,NA,NA,NA,NA,NA,1.23898535454755,0.871295508505612,1.23898535454755,0.871295508505612,0.395535546491294,0.179839795136245,0.410855956743041,NA,NA,24,0.166666666666667,0.408248290463863
"94","Chikoski_2006a_1","abundance",NA,FALSE,"Acari",NA,NA,"visual observation","precip_inc","undisturbed vs disturbed",4.34,3.4,"mean",NA,NA,NA,NA,12,12,"p 206 table 1",TRUE,"<0.05",NA,199.5,0,NA,152,NA,NA,NA,"Chikoski_2006a","experimental",997.5,"Medium validity","mesofauna",0.5,1.1158,2006,NA,NA,NA,NA,NA,NA,NA,NA,NA,NA,NA,NA,1.23898535454755,0.871295508505612,1.23898535454755,0.871295508505612,0.22877850623845,0.179839795136245,0.244098916490198,NA,NA,24,0.166666666666667,0.408248290463863
"95","Chikoski_2006a_1","abundance",NA,FALSE,"Araneida",NA,NA,"visual observation","precip_inc","undisturbed vs disturbed",0.082,0.84,"mean",NA,NA,NA,NA,12,12,"p 206 table 1",FALSE,">0.05",NA,199.5,0,NA,152,NA,NA,NA,"Chikoski_2006a","experimental",997.5,"Medium validity","macrofauna",50.215,14.864,2006,0.525,NA,NA,0.645938932012504,2.87444080703546,2.87444080703546,35.9636219609489,NA,NA,NA,NA,NA,1.23898535454755,0.871295508505612,1.23898535454755,0.871295508505612,-2.34200305482485,0.179839795136245,-2.32668264457311,NA,NA,24,0.166666666666667,0.408248290463863
"96","Chikoski_2006a_1","abundance",NA,FALSE,"Coleoptera",NA,NA,"visual observation","precip_inc","undisturbed vs disturbed",0.83,0.81,"mean",NA,NA,NA,NA,12,12,"p 206 table 1",FALSE,">0.05",NA,199.5,0,NA,152,NA,NA,NA,"Chikoski_2006a","experimental",997.5,"Medium validity","macrofauna",50.5,18.0707,2006,0.525,NA,NA,0.645938932012504,0.0758427653571359,0.0758427653571359,0.0188074092757025,NA,NA,NA,NA,NA,1.23898535454755,0.871295508505612,1.23898535454755,0.871295508505612,0.00907104287241178,0.179839795136245,0.024391453124159,NA,NA,24,0.166666666666667,0.408248290463863
"97","Chikoski_2006a_1","abundance",NA,FALSE,"Chilipoda",NA,NA,"visual observation","precip_inc","undisturbed vs disturbed",0.91,0.86,"mean",NA,NA,NA,NA,12,12,"p 206 table 1",TRUE,"<0.05",NA,199.5,0,NA,152,NA,NA,NA,"Chikoski_2006a","experimental",997.5,"Medium validity","macrofauna",152.5,14.6659,2006,NA,NA,NA,NA,NA,NA,NA,NA,NA,NA,NA,NA,1.23898535454755,0.871295508505612,1.23898535454755,0.871295508505612,0.0411918000115951,0.179839795136245,0.0565122102633424,NA,NA,24,0.166666666666667,0.408248290463863
"98","Chikoski_2006a_1","abundance",NA,FALSE,"Hemiptera",NA,NA,"visual observation","precip_inc","undisturbed vs disturbed",0.82,0.83,"mean",NA,NA,NA,NA,12,12,"p 206 table 1",FALSE,">0.05",NA,199.5,0,NA,152,NA,NA,NA,"Chikoski_2006a","experimental",997.5,"Medium validity","macrofauna",55.5,8,2006,0.525,NA,NA,0.645938932012504,0.0379213826785682,0.0379213826785682,0.00928694498907862,NA,NA,NA,NA,NA,1.23898535454755,0.871295508505612,1.23898535454755,0.871295508505612,-0.027441770784092,0.179839795136245,-0.0121213605323448,NA,NA,24,0.166666666666667,0.408248290463863
"99","Chikoski_2006a_1","abundance",NA,FALSE,"Diptera",NA,NA,"visual observation","precip_inc","undisturbed vs disturbed",0.83,0.82,"mean",NA,NA,NA,NA,12,12,"p 206 table 1",FALSE,">0.05",NA,199.5,0,NA,152,NA,NA,NA,"Chikoski_2006a","experimental",997.5,"Medium validity","macrofauna",35.2,6,2006,0.525,NA,NA,0.645938932012504,0.0379213826785682,0.0379213826785682,0.00928694498907862,NA,NA,NA,NA,NA,1.23898535454755,0.871295508505612,1.23898535454755,0.871295508505612,-0.00319904971940238,0.179839795136245,0.0121213605323448,NA,NA,24,0.166666666666667,0.408248290463863
"100","Chikoski_2006a_1","abundance",NA,FALSE,"Diplura",NA,NA,"visual observation","precip_inc","undisturbed vs disturbed",1.28,1.13,"mean",NA,NA,NA,NA,12,12,"p 206 table 1",TRUE,"<0.05",NA,199.5,0,NA,152,NA,NA,NA,"Chikoski_2006a","experimental",997.5,"Medium validity","mesofauna",40.5,1.3151,2006,NA,NA,NA,NA,NA,NA,NA,NA,NA,NA,NA,NA,1.23898535454755,0.871295508505612,1.23898535454755,0.871295508505612,0.10932203495553,0.179839795136245,0.124642445207277,NA,NA,24,0.166666666666667,0.408248290463863
"101","Levings_1984a_1","abundance",NA,FALSE,"Isopoda",NA,NA,"berlese funnel","precip_inc","undisturbed vs disturbed",1,1,"mean",NA,2,0.833333333,"SD",25,25,NA,NA,NA,NA,2500,0,-8.493150685,31,0,0.833333333,2,"Levings_1984a","experimental",0.25,"Medium validity","macrofauna",17.5,8.3264,1984,NA,NA,NA,NA,NA,NA,NA,0.833333333,2,11.8811881235644,4.95049504950495,"pass",1.23898535454755,0.871295508505612,0.694444443888889,4,0.0661111111222222,0.194370678989815,0,0.187777777755556,0.433333333307692,50,0.08,0.282842712474619
"102","Levings_1984a_1","abundance",NA,FALSE,"Diplopoda",NA,NA,"berlese funnel","precip_inc","undisturbed vs disturbed",7,6.5,"mean",NA,2.333333333,3.666666667,"SD",25,25,NA,NA,NA,NA,2500,0,-8.493150685,31,0,3.666666667,2.333333333,"Levings_1984a","experimental",0.25,"Medium validity","macrofauna",151,18.7089,1984,NA,NA,NA,NA,NA,NA,NA,0.564102564153846,0.333333333285714,17.5517551739219,29.702970301273,"pass",1.23898535454755,0.871295508505612,0.318211702884944,0.111111111079365,0.0699659603176103,0.0172183543053157,0.0741079721537218,0.0171729125585724,0.131045459893017,50,0.08,0.282842712474619
"103","Levings_1984a_1","abundance",NA,FALSE,"Psocoptera",NA,NA,"berlese funnel","precip_inc","undisturbed vs disturbed",17.5,46,"mean",NA,9.5,56.16666667,"SD",25,25,NA,NA,NA,NA,2500,0,-8.493150685,31,0,56.16666667,9.5,"Levings_1984a","experimental",0.25,"Medium validity","macrofauna",5.3,1.05,1984,NA,NA,NA,NA,NA,NA,NA,1.22101449282609,0.542857142857143,8.10882275123014,18.2386659718603,"pass",1.23898535454755,0.871295508505612,1.49087639169135,0.29469387755102,-0.990364165842433,0.0723466335284021,-0.966440515559627,0.0714228107696947,0.267250464489203,50,0.08,0.282842712474619
"104","Levings_1984a_1","abundance",NA,FALSE,"Thysanoptera",NA,NA,"berlese funnel","precip_inc","undisturbed vs disturbed",15.5,15.5,"mean",NA,6.833333333,12.33333333,"SD",25,25,NA,NA,NA,NA,2500,0,-8.493150685,31,0,12.33333333,6.833333333,"Levings_1984a","experimental",0.25,"Medium validity","mesofauna",7.75,1.05,1984,NA,NA,NA,NA,NA,NA,NA,0.795698924516129,0.440860215032258,12.4431362088755,22.4583433964107,"pass",1.23898535454755,0.871295508505612,0.633136778476124,0.194357729198289,-0.00877558098555671,0.0332752351498398,0,0.0330997803069765,0.181933450214568,50,0.08,0.282842712474619
"105","Levings_1984a_1","abundance",NA,FALSE,"Hemiptera",NA,NA,"berlese funnel","precip_inc","undisturbed vs disturbed",2,1.5,"mean",NA,1.166666667,3.166666667,"SD",25,25,NA,NA,NA,NA,2500,0,-8.493150685,31,0,3.166666667,1.166666667,"Levings_1984a","experimental",0.25,"Medium validity","macrofauna",55.5,8,1984,NA,NA,NA,NA,NA,NA,NA,2.11111111133333,0.5833333335,4.6899426779847,16.9731258791675,"pass",1.23898535454755,0.871295508505612,4.45679012439506,0.340277777972222,0.205351825523324,0.199874222966326,0.287682072451781,0.191882716094691,0.438044194225527,50,0.08,0.282842712474619
"106","Levings_1984a_1","abundance",NA,FALSE,"Coleoptera",NA,NA,"berlese funnel","precip_inc","undisturbed vs disturbed",4.5,3.5,"mean",NA,4.166666667,2,"SD",25,25,NA,NA,NA,NA,2500,0,-8.493150685,31,0,2,4.166666667,"Levings_1984a","experimental",0.25,"Medium validity","macrofauna",50.5,18.0707,1984,NA,NA,NA,NA,NA,NA,NA,0.571428571428571,0.925925926,17.3267326732673,10.6930693060752,"pass",1.23898535454755,0.871295508505612,0.326530612244898,0.857338820438958,0.261930592444787,0.0476914381448601,0.251314428280906,0.0473547773073542,0.217611528433937,50,0.08,0.282842712474619
"107","Levings_1984a_1","abundance",NA,FALSE,"Araneae",NA,NA,"berlese funnel","precip_inc","undisturbed vs disturbed",18,24,"mean",NA,7.333333333,9.833333333,"SD",25,25,NA,NA,NA,NA,2500,0,-8.493150685,31,0,9.833333333,7.333333333,"Levings_1984a","experimental",0.25,"Medium validity",NA,NA,NA,1984,NA,NA,NA,NA,NA,NA,NA,0.409722222208333,0.407407407388889,24.1651283780637,24.302430244129,"pass",1.23898535454755,0.871295508505612,0.167872299371335,0.165980795595336,-0.287719902527301,0.0133764160920279,-0.287682072451781,0.0133541237986668,0.115560044127141,50,0.08,0.282842712474619
"108","Levings_1984a_1","abundance",NA,FALSE,"Pseudoscorpiones",NA,NA,"berlese funnel","precip_inc","undisturbed vs disturbed",1,1,"mean",NA,1.333333333,3.833333333,"SD",25,25,NA,NA,NA,NA,2500,0,-8.493150685,31,0,3.833333333,1.333333333,"Levings_1984a","experimental",0.25,"Medium validity","mesofauna",4.5,NA,1984,NA,NA,NA,NA,NA,NA,NA,3.833333333,1.333333333,2.58286698257501,7.42574257611386,"fail",1.23898535454755,0.871295508505612,14.6944444418889,1.77777777688889,-0.2583333333,0.746523765263015,0,0.658888888751111,0.811719710707527,50,0.08,0.282842712474619
"109","Levings_1984a_1","abundance",NA,FALSE,"Collembola",NA,NA,"berlese funnel","precip_inc","undisturbed vs disturbed",73,33,"mean",NA,23.16666667,20.83333333,"SD",25,25,NA,NA,NA,NA,2500,0,-8.493150685,31,0,20.83333333,23.16666667,"Levings_1984a","experimental",0.25,"Medium validity","mesofauna",3.75,1.0651,1984,NA,NA,NA,NA,NA,NA,NA,0.631313131212121,0.317351598219178,15.683168319341,31.1988033290817,"pass",1.23898535454755,0.871295508505612,0.398556269640853,0.100712036892267,0.787994995026939,0.0200383282671028,0.793951879681911,0.0199707322613248,0.141317841270396,50,0.08,0.282842712474619
"110","Levings_1984a_1","abundance",NA,FALSE,"Acari",NA,NA,"berlese funnel","precip_inc","undisturbed vs disturbed",100.5,100,"mean",NA,37.5,72.5,"SD",25,25,NA,NA,NA,NA,2500,0,-8.493150685,31,0,72.5,37.5,"Levings_1984a","experimental",0.25,"Medium validity","mesofauna",0.5,1.1158,1984,NA,NA,NA,NA,NA,NA,NA,0.725,0.373134328358209,13.6565380675999,26.5346534653465,"pass",1.23898535454755,0.871295508505612,0.525625,0.139229226999332,-0.00274037394897432,0.0267124356472836,0.00498754151103897,0.0265941690799733,0.163077187490995,50,0.08,0.282842712474619
