"","Site_ID","broad_outcome","detailed_outcome","is_subset","Highest_taxonomic_resolution","body_size","trophic_group","sampling_method","disturbance_type","comparison_type","disturbance_av","control_av","av_type","unit","dist_var","control_var","var_type","dist_n","control_n","description_data_extraction","significant","approx_p_val","exact_p_val","sample_area","sampling_depth","perc_annual_dist","time_after_dist_start","time_after_dist_end","control_SD","dist_SD","Study_ID","exp_obs","plot_area","Validity","Functional_group_size","av_length","av_width","study_year","approx_p_value_numeric","exact_tval","exact_pooled_SD","approx_tval","approx_pooled_SD","pooled_SD_to_use","logRR_var","cv_Control","cv_Experimental","geary_control","geary_trt","geary_test","b_CV2_1","b_CV2_2","cv2_cont_new","cv2_expt_new","lnrr_laj","v_lnrr_laj","yi","vi","rr_diff","sei","e_n","inv_n_tilda","sqrt_inv_n_tilda"
"1","Homet_2021a_1","alpha diversity","shannon wiener",FALSE,"Mesofauna",NA,NA,"tullgren funnel","drought","undisturbed vs disturbed",0.26,0.46,"mean",NA,0.06,0.06,"SE",118,118,"s fig s5.1",NA,NA,NA,NA,NA,-30,0,NA,0.651766829472013,0.651766829472013,"Homet_2021a","experimental",300,"Low validity","mesofauna",NA,NA,2021,NA,NA,NA,NA,NA,NA,NA,1.41688441189568,2.50679549796928,15.3009161381254,8.64834390415786,"pass",1.51219033396442,1.28648697295597,2.00756143667297,6.28402366863905,-0.552424255789791,0.0710490416923532,-0.570544858467613,0.0702676703840002,0.0181206026778225,0.265080497932232,236,0.0169491525423729,0.130188910980824
"2","Homet_2021a_1","alpha diversity","richness",FALSE,"Mesofauna",NA,NA,"tullgren funnel","drought","undisturbed vs disturbed",1.731343284,3.044776119,"mean",NA,0.47761194,0.597014925,"SE",118,118,"s fig s5.1",NA,NA,NA,NA,NA,-30,0,NA,6.48524208024536,5.18819366419629,"Homet_2021a","experimental",300,"Low validity","mesofauna",NA,NA,2021,NA,NA,NA,NA,NA,NA,NA,2.12995695800955,2.99662909842453,10.1784355229848,7.23467231070772,"pass",1.51219033396442,1.28648697295597,4.53671664297329,8.97978595352462,-0.545703237488902,0.116363968314004,-0.564529802364119,0.114546632173711,0.0188265648752175,0.338447384645991,236,0.0169491525423729,0.130188910980824
"3","Wang_2021a_1","alpha diversity","shannon wiener",FALSE,"Nematoda",NA,NA,"sucrose centrifugation","drought","undisturbed vs disturbed",2.93,3.21,"mean",NA,0.17,0.07,"SE",3,3,"table 4",TRUE,"<0.05",NA,NA,NA,-30,3590,NA,0.121243556529821,0.294448637286709,"Wang_2021a","experimental",2500,"Medium validity","microfauna",2.55,0.0634,2021,0.05,NA,NA,2.77644510519779,0.123513540155232,0.123513540155232,0.00879137845290316,0.0377705783581998,0.100494415456215,84.6593406593407,31.8190045248869,"pass",1.51219033396442,1.28648697295597,0.00142661658951291,0.0100991275378863,-0.0898230956215529,0.00384480436501973,-0.0912685141129485,0.00384191470913307,0.00144541849139558,0.0619831808568507,6,0.666666666666667,0.816496580927726
"4","Wang_2021a_1","alpha diversity",NA,FALSE,"Nematoda",NA,NA,"sucrose centrifugation","drought","undisturbed vs disturbed",24.59770115,20.91954023,"mean",NA,1.609195402,4.137931034,"SE",3,3,"p 5 figure 4",FALSE,">0.05",NA,NA,NA,-30,3590,NA,7.16710678910402,2.78720819557022,"Wang_2021a","experimental",2500,"Medium validity","microfauna",2.55,0.0634,2021,0.525,NA,NA,0.695558138490973,6.47653801118083,6.47653801118083,0.00850113520078447,0.342603456400343,0.113311735050908,9.3333333344735,28.2197802256804,"pass",1.51219033396442,1.28648697295597,0.117377128337462,0.0128395493002473,0.14454639812339,0.0437928437759858,0.161969327962926,0.0434055592125696,0.0174229298395356,0.208340008669889,6,0.666666666666667,0.816496580927726
"5","Lindberg_2002a_1","alpha diversity","fishers alpha",FALSE,"Oribatida",NA,NA,"tullgren funnel","drought","undisturbed vs disturbed",3.43,3.65,"mean",NA,NA,NA,NA,4,4,"p 928 table 3",FALSE,">0.05",NA,100,10,-35,2555,NA,NA,NA,"Lindberg_2002a","experimental",506.25,"Medium validity","mesofauna",1,1.1158,2002,0.525,NA,NA,0.674694850800311,0.461137332459299,0.461137332459299,0.0184523624663787,NA,NA,NA,NA,NA,1.51219033396442,1.28648697295597,1.51219033396442,1.28648697295597,-0.0903798265426083,0.761259457006984,-0.0621669064165516,NA,0.0282129201260567,NA,8,0.5,0.707106781186548
"6","Lindberg_2002a_1","alpha diversity","fishers alpha",FALSE,"Collembola",NA,NA,"tullgren funnel","drought","undisturbed vs disturbed",2.41,2.34,"mean",NA,NA,NA,NA,4,4,"p 928 table 3",FALSE,">0.05",NA,100,10,-35,2555,NA,NA,NA,"Lindberg_2002a","experimental",506.25,"Medium validity","mesofauna",3.75,1.0651,2002,0.525,NA,NA,0.674694850800311,0.146725514873414,0.146725514873414,0.0130146166969981,NA,NA,NA,NA,NA,1.51219033396442,1.28648697295597,1.51219033396442,1.28648697295597,0.00126289800689694,0.761259457006984,0.0294758181329537,NA,0.0282129201260567,NA,8,0.5,0.707106781186548
"7","Lindberg_2002a_1","alpha diversity","shannon wiener",FALSE,"Oribatida",NA,NA,"tullgren funnel","drought","undisturbed vs disturbed",1.33,1.99,"mean",NA,NA,NA,NA,4,4,"p 928 table 3",TRUE,"<0.05",NA,100,10,-35,2555,NA,NA,NA,"Lindberg_2002a","experimental",506.25,"Medium validity","mesofauna",1,1.1158,2002,0.05,NA,NA,2.44691185114497,0.381452625982211,0.381452625982211,0.0779919906224608,NA,NA,NA,NA,NA,1.51219033396442,1.28648697295597,1.51219033396442,1.28648697295597,-0.431168616628795,0.761259457006984,-0.402955696502739,NA,0.0282129201260567,NA,8,0.5,0.707106781186548
"8","Lindberg_2002a_1","alpha diversity","shannon wiener",FALSE,"Collembola",NA,NA,"tullgren funnel","drought","undisturbed vs disturbed",1.22,1.85,"mean",NA,NA,NA,NA,4,4,"p 928 table 3",FALSE,">0.05",NA,100,10,-35,2555,NA,NA,NA,"Lindberg_2002a","experimental",506.25,"Medium validity","mesofauna",3.75,1.0651,2002,0.525,NA,NA,0.674694850800311,1.32052963386072,1.32052963386072,0.318262985835365,NA,NA,NA,NA,NA,1.51219033396442,1.28648697295597,1.51219033396442,1.28648697295597,-0.444547700471125,0.761259457006984,-0.416334780345068,NA,0.0282129201260566,NA,8,0.5,0.707106781186548
"9","Lindberg_2002a_1","alpha diversity","simpsons index",FALSE,"Oribatida",NA,NA,"tullgren funnel","drought","undisturbed vs disturbed",20,26,"mean","ind/500ind",1.7,0.6,"SE",4,4,"p 928 table 3",TRUE,"<0.05",NA,100,10,-35,2555,NA,1.2,3.4,"Lindberg_2002a","experimental",506.25,"Medium validity","mesofauna",1,1.1158,2002,0.05,NA,NA,2.44691185114497,3.46775114529283,3.46775114529283,0.00344979681243998,0.0461538461538461,0.17,81.5686274509804,22.1453287197232,"pass",1.51219033396442,1.28648697295597,0.0021301775147929,0.0289,-0.25901803665684,0.00777066543582704,-0.262364264467491,0.00775754437869822,0.0033462278106508,0.0880769230769231,8,0.5,0.707106781186548
"10","Lindberg_2002a_1","alpha diversity","simpsons index",FALSE,"Collembola",NA,NA,"tullgren funnel","drought","undisturbed vs disturbed",12,15,"mean","ind/500ind",0.6,0.8,"SE",4,4,"p 928 table 3",TRUE,"<0.05",NA,100,10,-35,2555,NA,1.6,1.2,"Lindberg_2002a","experimental",506.25,"Medium validity","mesofauna",3.75,1.0651,2002,0.05,NA,NA,2.44691185114497,1.73387557264642,1.73387557264642,0.00493672906100716,0.106666666666667,0.1,35.2941176470588,37.6470588235294,"pass",1.51219033396442,1.28648697295597,0.0113777777777778,0.01,-0.223315773536432,0.00534802966049383,-0.22314355131421,0.00534444444444445,0.000172222222222268,0.0731057073315377,8,0.5,0.707106781186548
"11","Lindberg_2006a_1","alpha diversity","richness",FALSE,"Oribatida",NA,NA,"tullgren funnel","drought","undisturbed vs disturbed",18,26.1643836,"mean","density m-2",1.260273973,2.02739726,"SE",4,4,"p 497 fig 1",TRUE,"<0.001",NA,7854,10,-35,2190,NA,4.05479452,2.520547946,"Lindberg_2006a","experimental",506.25,"Medium validity","mesofauna",1,1.1158,2006,0.001,NA,NA,5.95881617881876,1.93766373538734,1.93766373538734,0.00220272651612881,0.1549738217414,0.140030441444444,24.2925278608344,26.8849104774589,"pass",1.51219033396442,1.28648697295597,0.0240168854251351,0.019608524531126,-0.374578368573839,0.0109213728799998,-0.374027323462088,0.0109063524890653,0.000551045111751081,0.104433483562817,8,0.5,0.707106781186548
"12","Lindberg_2006a_1","alpha diversity","richness",FALSE,"Oribatida",NA,NA,"tullgren funnel","drought","undisturbed vs disturbed",19.31506849,25.4520548,"mean","density m-2",1.260273973,0.657534247,"SE",4,4,"p 497 fig 1",TRUE,"<0.05",0.005,7854,10,-35,2555,NA,1.315068494,2.520547946,"Lindberg_2006a","experimental",506.25,"Medium validity","mesofauna",1,1.1158,2006,0.05,4.31682710363337,2.01050657423715,2.44691185114497,3.54692355085815,2.01050657423715,0.00212315429752576,0.0516684607326871,0.130496453963131,72.8627450666683,28.8491048455354,"pass",1.51219033396442,1.28648697295597,0.00266962983448523,0.0170293244969515,-0.274115974547167,0.00492938115811348,-0.275910936379976,0.00492473858285917,0.00179496183280836,0.0701764816933649,8,0.5,0.707106781186548
"13","Lindberg_2006a_1","alpha diversity","richness",FALSE,"Oribatida",NA,NA,"tullgren funnel","drought","undisturbed vs disturbed",19.47945205,25.7260274,"mean","density m-2",1.260273973,1.863013699,"SE",4,4,"p 497 fig 1",TRUE,"<0.05",0.005,7854,10,-35,2920,NA,3.726027398,2.520547946,"Lindberg_2006a","experimental",506.25,"Medium validity","mesofauna",1,1.1158,2006,0.05,4.31682710363337,2.04640847693902,2.44691185114497,3.61026147068674,2.04640847693902,0.00212128932675338,0.144834930790752,0.129395218075449,25.9930795823829,29.094629139678,"pass",1.51219033396442,1.28648697295597,0.020977157177162,0.016743122460793,-0.278672304097197,0.00944132574187895,-0.278143049757651,0.00943006990948875,0.000529254339546203,0.0971085470465332,8,0.5,0.707106781186548
"14","Lindberg_2006a_1","alpha diversity","richness",FALSE,"Oribatida",NA,NA,"tullgren funnel","drought","undisturbed vs disturbed",19.20547945,24.1917808,"mean","density m-2",2.082191781,1.643835616,"SE",4,4,"p 497 fig 1",TRUE,"<0.05",0.02,7854,10,-35,3285,NA,3.287671232,4.164383562,"Lindberg_2006a","experimental",506.25,"Medium validity","mesofauna",1,1.1158,2006,0.05,3.14266840329098,2.24385588624774,2.44691185114497,2.88187536953962,2.24385588624774,0.00247935981174472,0.135900339837735,0.21683309561949,27.7019607666029,17.3622290988247,"pass",1.51219033396442,1.28648697295597,0.0184689023680119,0.0470165913559309,-0.227248851646868,0.0164112431218827,-0.230817312770358,0.0163713734309857,0.00356846112348994,0.127950667958341,8,0.5,0.707106781186548
"15","Lindberg_2006a_1","alpha diversity","richness",FALSE,"Oribatida",NA,NA,"tullgren funnel","drought","undisturbed vs disturbed",20.68493151,25.4520548,"mean","density m-2",0.821917808,0.657534247,"SE",4,4,"p 497 fig 1",TRUE,"<0.05",0.027,7854,10,-35,NA,365,1.315068494,1.643835616,"Lindberg_2006a","experimental",506.25,"Medium validity","mesofauna",1,1.1158,2006,0.05,2.90944317054049,2.31718924036252,2.44691185114497,2.75519954144161,2.31718924036252,0.00224816458289188,0.0516684607326871,0.0794701986421999,72.8627450666683,47.3725490394562,"pass",1.51219033396442,1.28648697295597,0.00266962983448523,0.00631551247223071,-0.206935254298063,0.00224702014888586,-0.207390989627781,0.00224628557667899,0.000455735329718182,0.0473949952703762,8,0.5,0.707106781186548
"16","Lindberg_2006a_1","alpha diversity","richness",FALSE,"Oribatida",NA,NA,"tullgren funnel","drought","undisturbed vs disturbed",22.43835616,25.7260274,"mean","density m-2",2.630136986,1.863013699,"SE",4,4,"p 497 fig 1",FALSE,NA,NA,7854,10,-35,NA,730,3.726027398,5.260273972,"Lindberg_2006a","experimental",506.25,"Medium validity","mesofauna",1,1.1158,2006,NA,NA,NA,NA,NA,NA,NA,0.144834930790752,0.234432234451171,25.9930795823829,16.0588235281146,"pass",1.51219033396442,1.28648697295597,0.020977157177162,0.0549584725497689,-0.132483731235474,0.019037977350924,-0.13673139565705,0.0189839074317327,0.00424766442157587,0.137782101274922,8,0.5,0.707106781186548
"17","Lindberg_2006a_1","alpha diversity","richness",FALSE,"Oribatida",NA,NA,"tullgren funnel","drought","undisturbed vs disturbed",22.16438356,24.1917808,"mean","density m-2",NA,1.643835616,"SE",4,4,"p 497 fig 1",FALSE,NA,NA,7854,10,-35,NA,1095,3.287671232,NA,"Lindberg_2006a","experimental",506.25,"Medium validity","mesofauna",1,1.1158,2006,NA,NA,NA,NA,NA,NA,NA,0.135900339837735,NA,27.7019607666029,NA,NA,1.51219033396442,1.28648697295597,0.0184689023680119,1.28648697295597,0.0709759761098625,0.352104434955058,-0.0875262827136317,NA,0.158502258823494,NA,8,0.5,0.707106781186548
"18","Lindberg_2006a_1","alpha diversity","richness",FALSE,"Collembola",NA,NA,"tullgren funnel","drought","undisturbed vs disturbed",10.96062992,13.95275591,"mean","density m-2",0.94488189,1.637795276,"SE",4,4,"p 497 fig 1",TRUE,"<0.05",0.028,7854,10,-35,2190,NA,3.275590552,1.88976378,"Lindberg_2006a","experimental",506.25,"Medium validity","mesofauna",3.75,1.0651,2006,0.05,2.88157604000286,1.46846902411877,2.44691185114497,1.72932472144716,1.46846902411877,0.0049416152164673,0.234762979667147,0.172413793166369,16.0361990961719,21.8352941096784,"pass",1.51219033396442,1.28648697295597,0.0551136566221974,0.0297265160740156,-0.244540683275797,0.0212713116256809,-0.241367290707274,0.0212100431740533,0.00317339256852259,0.145636682103285,8,0.5,0.707106781186548
"19","Lindberg_2006a_1","alpha diversity","richness",FALSE,"Collembola",NA,NA,"tullgren funnel","drought","undisturbed vs disturbed",11.49606299,14.74015748,"mean","density m-2",0.62992126,0.881889764,"SE",4,4,"p 497 fig 1",TRUE,"<0.05",0.018,7854,10,-35,2555,NA,1.763779528,1.25984252,"Lindberg_2006a","experimental",506.25,"Medium validity","mesofauna",3.75,1.0651,2006,0.05,3.22603508874115,1.42213035480903,2.44691185114497,1.87495206385594,1.42213035480903,0.00432652490692344,0.119658119690591,0.109589041143554,31.4621848654118,34.3529411615294,"pass",1.51219033396442,1.28648697295597,0.0143180656078878,0.0120097579387636,-0.24885948095736,0.00658741278179565,-0.248570942498719,0.00658195588666285,0.000288538458640408,0.081129254197625,8,0.5,0.707106781186548
"20","Lindberg_2006a_1","alpha diversity","richness",FALSE,"Collembola",NA,NA,"tullgren funnel","drought","undisturbed vs disturbed",17.29133858,15.52755906,"mean","density m-2",0.818897638,0.598425197,"SE",4,4,"p 497 fig 1",FALSE,NA,NA,7854,10,-35,2920,NA,1.196850394,1.637795276,"Lindberg_2006a","experimental",506.25,"Medium validity","mesofauna",3.75,1.0651,2006,NA,NA,NA,NA,NA,NA,NA,0.077079107500107,0.0947176685265046,48.8421052663034,39.7466063187511,"pass",1.51219033396442,1.28648697295597,0.00594118881301305,0.00897143673109679,0.107968047987373,0.0037299655173014,0.107589266997612,0.00372815638602746,0.000378780989760588,0.0610586307251273,8,0.5,0.707106781186548
"21","Lindberg_2006a_1","alpha diversity","richness",FALSE,"Collembola",NA,NA,"tullgren funnel","drought","undisturbed vs disturbed",12,14.96062992,"mean","density m-2",0.913385827,0.440944882,"SE",4,4,"p 497 fig 1",TRUE,"<0.05",0.028,7854,10,-35,3285,NA,0.881889764,1.826771654,"Lindberg_2006a","experimental",506.25,"Medium validity","mesofauna",3.75,1.0651,2006,0.05,2.88157604000286,1.45301145203422,2.44691185114497,1.71112129931137,1.45301145203422,0.00414555481909421,0.0589473684407535,0.152230971166667,63.8655461971429,24.7302231175497,"pass",1.51219033396442,1.28648697295597,0.00347479224608994,0.0231742685823465,-0.218052994281698,0.00667084522125724,-0.22051542882373,0.00666226520710911,0.00246243454203207,0.0816227003174307,8,0.5,0.707106781186548
"22","Lindberg_2006a_1","alpha diversity","richness",FALSE,"Collembola",NA,NA,"tullgren funnel","drought","undisturbed vs disturbed",13.54330709,14.74015748,"mean","density m-2",0.472440945,0.881889764,"SE",4,4,"p 497 fig 1",FALSE,NA,NA,7854,10,-35,NA,365,1.763779528,0.94488189,"Lindberg_2006a","experimental",506.25,"Medium validity","mesofauna",3.75,1.0651,2006,NA,NA,NA,NA,NA,NA,NA,0.119658119690591,0.0697674418604651,31.4621848654118,53.9607843137255,"pass",1.51219033396442,1.28648697295597,0.0143180656078878,0.00486749594375338,-0.0858644081666879,0.0047999638179027,-0.0846830869586711,0.00479639038791029,0.00118132120801683,0.0692559772720759,8,0.5,0.707106781186548
"23","Lindberg_2006a_1","alpha diversity","richness",FALSE,"Collembola",NA,NA,"tullgren funnel","drought","undisturbed vs disturbed",14.23622047,15.52755906,"mean","density m-2",1.480314961,0.598425197,"SE",4,4,"p 497 fig 1",FALSE,NA,NA,7854,10,-35,NA,730,1.196850394,2.960629922,"Lindberg_2006a","experimental",506.25,"Medium validity","mesofauna",3.75,1.0651,2006,NA,NA,NA,NA,NA,NA,NA,0.077079107500107,0.20796460185756,48.8421052663034,18.1026282777272,"pass",1.51219033396442,1.28648697295597,0.00594118881301305,0.0432492756257736,-0.0821634838447257,0.0123273941966758,-0.0868269946963208,0.0122976161096967,0.00466351085159508,0.110894617135804,8,0.5,0.707106781186548
"24","Lindberg_2006a_1","alpha diversity","richness",FALSE,"Collembola",NA,NA,"tullgren funnel","drought","undisturbed vs disturbed",13.73228346,14.96062992,"mean","density m-2",0.913385827,0.440944882,"SE",4,4,"p 497 fig 1",FALSE,NA,NA,7854,10,-35,NA,1095,0.881889764,1.826771654,"Lindberg_2006a","experimental",506.25,"Medium validity","mesofauna",3.75,1.0651,2006,NA,NA,NA,NA,NA,NA,NA,0.0589473684407535,0.133027523013277,63.8655461971429,28.3002028232698,"pass",1.51219033396442,1.28648697295597,0.00347479224608994,0.0176963218790481,-0.0838948697298456,0.00529786031236576,-0.0856725609339652,0.0052927785312845,0.00177769120411968,0.0727514847359454,8,0.5,0.707106781186548
"25","Lindberg_2006a_1","alpha diversity","richness",FALSE,"Mesostigmata",NA,NA,"tullgren funnel","drought","undisturbed vs disturbed",7.763239875,10.68535826,"mean","density m-2",0.741433022,0.828660436,"SE",4,4,"p 497 fig 1",TRUE,"<0.05",0.006,7854,10,-35,2190,NA,1.657320872,1.482866044,"Lindberg_2006a","experimental",506.25,"Medium validity","mesofauna",0.9,2.1,2006,0.05,4.15165429581753,0.995386213897901,2.44691185114497,1.6888632293775,0.995386213897901,0.00630848984140805,0.15510204072465,0.191011236014397,24.2724458347801,19.7093425544306,"pass",1.51219033396442,1.28648697295597,0.0240566430369511,0.0364852922837475,-0.317921079572609,0.0151653259962253,-0.319474660728458,0.0151354838301747,0.00155358115584958,0.123026354209879,8,0.5,0.707106781186548
"26","Lindberg_2006a_1","alpha diversity","richness",FALSE,"Mesostigmata",NA,NA,"tullgren funnel","drought","undisturbed vs disturbed",7.021806854,8.722741433,"mean","density m-2",0.654205607,0.479750779,"SE",4,4,"p 497 fig 1",TRUE,"<0.1",0.089,7854,10,-35,2555,NA,0.959501558,1.308411214,"Lindberg_2006a","experimental",506.25,"Medium validity","mesofauna",0.9,2.1,2006,0.1,2.0272673042306,1.18656515858135,1.9431802805153,1.2379112604484,1.18656515858135,0.0099151122996286,0.110000000042418,0.186335403579872,34.2245989172837,20.2039215845486,"pass",1.51219033396442,1.28648697295597,0.0121000000093319,0.0347208826272737,-0.214085391174381,0.0117263448730677,-0.216913001501624,0.0117052206591514,0.00282761032724277,0.108190668077942,8,0.5,0.707106781186548
"27","Lindberg_2006a_1","alpha diversity","richness",FALSE,"Mesostigmata",NA,NA,"tullgren funnel","drought","undisturbed vs disturbed",6.498442368,8.722741433,"mean","density m-2",0.654205607,0.697819315,"SE",4,4,"p 497 fig 1",TRUE,"<0.05",0.033,7854,10,-35,2920,NA,1.39563863,1.308411214,"Lindberg_2006a","experimental",506.25,"Medium validity","mesofauna",0.9,2.1,2006,0.05,2.75664914090374,1.14110782464885,2.44691185114497,1.28555260502125,1.14110782464885,0.0105047452341975,0.160000000082543,0.201342281720148,23.5294117525672,18.6980392304565,"pass",1.51219033396442,1.28648697295597,0.0256000000264137,0.0405387144082753,-0.292503721240983,0.0165705965362852,-0.294371060538716,0.0165346786086723,0.00186733929773281,0.128587241235949,8,0.5,0.707106781186548
"28","Lindberg_2006a_1","alpha diversity","richness",FALSE,"Mesostigmata",NA,NA,"tullgren funnel","drought","undisturbed vs disturbed",6.542056075,9.333333333,"mean","density m-2",0.828660436,0.30529595,"SE",4,4,"p 497 fig 1",TRUE,"<0.05",0.011,7854,10,-35,3285,NA,0.6105919,1.657320872,"Lindberg_2006a","experimental",506.25,"Medium validity","mesofauna",0.9,2.1,2006,0.05,3.627347904379,1.08825021990357,2.44691185114497,1.61324248470989,1.08825021990357,0.00947999196641876,0.0654205607166222,0.253333333282381,57.5462185147001,14.86068111754,"pass",1.51219033396442,1.28648697295597,0.00427984976447725,0.0641777777519619,-0.347853479855732,0.0171790491333471,-0.355340720854167,0.0171144068791098,0.00748724099843556,0.130822042787558,8,0.5,0.707106781186548
"29","Lindberg_2006a_1","alpha diversity","richness",FALSE,"Mesostigmata",NA,NA,"tullgren funnel","drought","undisturbed vs disturbed",9.551401869,8.722741433,"mean","density m-2",0.261682243,0.479750779,"SE",4,4,"p 497 fig 1",FALSE,NA,NA,7854,10,-35,NA,365,0.959501558,0.523364486,"Lindberg_2006a","experimental",506.25,"Medium validity","mesofauna",0.9,2.1,2006,NA,NA,NA,NA,NA,NA,NA,0.110000000042418,0.0547945205508136,34.2245989172837,68.7058823493445,"pass",1.51219033396442,1.28648697295597,0.0121000000093319,0.00300243948239353,0.0896171681884627,0.00377803838297935,0.0907543632543301,0.00377560987293137,0.00113719506586737,0.061445991512314,8,0.5,0.707106781186548
"30","Lindberg_2006a_1","alpha diversity","richness",FALSE,"Mesostigmata",NA,NA,"tullgren funnel","drought","undisturbed vs disturbed",8.722741433,8.722741433,"mean","density m-2",0.6105919,0.697819315,"SE",4,4,"p 497 fig 1",FALSE,NA,NA,7854,10,-35,NA,730,1.39563863,1.2211838,"Lindberg_2006a","experimental",506.25,"Medium validity","mesofauna",0.9,2.1,2006,NA,NA,NA,NA,NA,NA,NA,0.160000000082543,0.139999999928921,23.5294117525672,26.8907563161736,"pass",1.51219033396442,1.28648697295597,0.0256000000264137,0.019599999980098,-0.000750000005789465,0.0113162425016369,0,0.0113000000016279,0.000750000005789465,0.106301458135004,8,0.5,0.707106781186548
"31","Lindberg_2006a_1","alpha diversity","richness",FALSE,"Mesostigmata",NA,NA,"tullgren funnel","drought","undisturbed vs disturbed",8.46105919,9.333333333,"mean","density m-2",1.177570093,0.30529595,"SE",4,4,"p 497 fig 1",FALSE,NA,NA,7854,10,-35,NA,1095,0.6105919,2.355140186,"Lindberg_2006a","experimental",506.25,"Medium validity","mesofauna",0.9,2.1,2006,NA,NA,NA,NA,NA,NA,NA,0.0654205607166222,0.278350515356695,57.5462185147001,13.5250544714409,"pass",1.51219033396442,1.28648697295597,0.00427984976447725,0.0774790093993376,-0.0889679609721334,0.0205337978223836,-0.098117855926491,0.0204397147909537,0.00914989495435767,0.142967530547862,8,0.5,0.707106781186548
"32","Lindberg_2006a_1","alpha diversity","shannon wiener",FALSE,"Oribatida",NA,NA,"tullgren funnel","drought","undisturbed vs disturbed",1.31,1.96,"mean","density m-2",0.1,0.07,"SE",4,4,"p 497 fig 1",TRUE,"<0.05",0.005,7854,10,-35,2555,NA,0.14,0.2,"Lindberg_2006a","experimental",506.25,"Medium validity","mesofauna",1,1.1158,2006,0.05,4.31682710363337,0.212943162529908,2.44691185114497,0.375673040740057,0.212943162529908,0.0448790933382731,0.0714285714285714,0.152671755725191,52.7058823529412,24.6588235294118,"pass",1.51219033396442,1.28648697295597,0.00510204081632653,0.0233086649962123,-0.40064150800688,0.00711157215132842,-0.402917336029366,0.00710267645313472,0.00227582802248577,0.0842773780627679,8,0.5,0.707106781186548
"33","Lindberg_2006a_1","alpha diversity","shannon wiener",FALSE,"Oribatida",NA,NA,"tullgren funnel","drought","undisturbed vs disturbed",1.09,1.88,"mean","density m-2",0.15,0.06,"SE",4,4,"p 497 fig 1",TRUE,"<0.05",0.001,7854,10,-35,2920,NA,0.12,0.3,"Lindberg_2006a","experimental",506.25,"Medium validity","mesofauna",1,1.1158,2006,0.05,5.95881617881876,0.187491723313441,2.44691185114497,0.456587234130223,0.187491723313441,0.0527139283247883,0.0638297872340425,0.275229357798165,58.9803921568627,13.678431372549,"pass",1.51219033396442,1.28648697295597,0.00407424173834314,0.0757511993939904,-0.53613446089385,0.0200462797151985,-0.545094080600805,0.0199563602830834,0.0089596197069558,0.141266982282072,8,0.5,0.707106781186548
"34","Lindberg_2006a_1","alpha diversity","shannon wiener",FALSE,"Oribatida",NA,NA,"tullgren funnel","drought","undisturbed vs disturbed",1.25,1.94,"mean","density m-2",0.22,0.06,"SE",4,4,"p 497 fig 1",TRUE,"<0.05",0.003,7854,10,-35,3285,NA,0.12,0.44,"Lindberg_2006a","experimental",506.25,"Medium validity","mesofauna",1,1.1158,2006,0.05,4.80024309028122,0.203282904570624,2.44691185114497,0.398791381708676,0.203282904570624,0.0460284866843916,0.0618556701030928,0.352,60.8627450980392,10.6951871657754,"pass",1.51219033396442,1.28648697295597,0.00382612392390265,0.123904,-0.424534687251515,0.032172637862855,-0.439544421761027,0.0319325309809757,0.015009734509512,0.178696757052207,8,0.5,0.707106781186548
"35","Lindberg_2006a_1","alpha diversity","shannon wiener",FALSE,"Oribatida",NA,NA,"tullgren funnel","drought","undisturbed vs disturbed",1.41,1.96,"mean","density m-2",0.17,0.07,"SE",4,4,"p 497 fig 1",TRUE,"<0.05",0.005,7854,10,-35,NA,365,0.14,0.34,"Lindberg_2006a","experimental",506.25,"Medium validity","mesofauna",1,1.1158,2006,0.05,4.31682710363337,0.180182675986845,2.44691185114497,0.31787718831851,0.180182675986845,0.0343834047366985,0.0714285714285714,0.24113475177305,52.7058823529412,15.6124567474048,"pass",1.51219033396442,1.28648697295597,0.00510204081632653,0.0581459685126503,-0.322724277890308,0.0158652364646624,-0.329354768852349,0.0158120023322442,0.00663049096204055,0.125745784550593,8,0.5,0.707106781186548
"36","Lindberg_2006a_1","alpha diversity","shannon wiener",FALSE,"Oribatida",NA,NA,"tullgren funnel","drought","undisturbed vs disturbed",1.52,1.88,"mean","density m-2",0.17,0.06,"SE",4,4,"p 497 fig 1",TRUE,"<0.1",0.092,7854,10,-35,NA,730,0.12,0.34,"Lindberg_2006a","experimental",506.25,"Medium validity","mesofauna",1,1.1158,2006,0.1,2.00333646120545,0.254134486299903,1.9431802805153,0.262001877828497,0.254134486299903,0.0454747575576515,0.0638297872340425,0.223684210526316,58.9803921568627,16.8304498269896,"pass",1.51219033396442,1.28648697295597,0.00407424173834314,0.0500346260387812,-0.206816393946118,0.0135665929325402,-0.212561441983673,0.0135272169442811,0.0057450480375548,0.116306564493502,8,0.5,0.707106781186548
"37","Lindberg_2006a_1","alpha diversity","shannon wiener",FALSE,"Oribatida",NA,NA,"tullgren funnel","drought","undisturbed vs disturbed",1.51,1.94,"mean","density m-2",0.17,0.06,"SE",4,4,"p 497 fig 1",TRUE,"<0.05",0.049,7854,10,-35,NA,1095,0.12,0.34,"Lindberg_2006a","experimental",506.25,"Medium validity","mesofauna",1,1.1158,2006,0.05,2.46179480881932,0.247019706777301,2.44691185114497,0.248522165412653,0.247019706777301,0.0434927786479539,0.0618556701030928,0.225165562913907,60.8627450980392,16.719723183391,"pass",1.51219033396442,1.28648697295597,0.00382612392390265,0.0506995307223367,-0.244719146398599,0.0136718055621809,-0.250578322248404,0.0136314136615598,0.0058591758498043,0.116753645174615,8,0.5,0.707106781186548
"38","Lindberg_2006a_1","alpha diversity","shannon wiener",FALSE,"Collembola",NA,NA,"tullgren funnel","drought","undisturbed vs disturbed",1.22,1.85,"mean","density m-2",0.36,0.05,"SE",4,4,"p 497 fig 1",TRUE,"<0.05",0.008,7854,10,-35,2555,NA,0.1,0.72,"Lindberg_2006a","experimental",506.25,"Medium validity","mesofauna",3.75,1.0651,2006,0.05,3.89826295078798,0.228551679438391,2.44691185114497,0.364113870255747,0.228551679438391,0.0550836104321923,0.0540540540540541,0.590163934426229,69.6470588235294,6.37908496732026,"pass",1.51219033396442,1.28648697295597,0.0029218407596786,0.348293469497447,-0.373163326752847,0.0896994037837813,-0.416334780345068,0.0878038275642814,0.0431714535922211,0.296317106432081,8,0.5,0.707106781186548
"39","Lindberg_2006a_1","alpha diversity","shannon wiener",FALSE,"Collembola",NA,NA,"tullgren funnel","drought","undisturbed vs disturbed",1.86,1.81,"mean","density m-2",0.08,0.07,"SE",4,4,"p 497 fig 1",FALSE,NA,NA,7854,10,-35,2920,NA,0.14,0.16,"Lindberg_2006a","experimental",506.25,"Medium validity","mesofauna",3.75,1.0651,2006,NA,NA,NA,NA,NA,NA,NA,0.0773480662983426,0.0860215053763441,48.672268907563,43.7647058823529,"pass",1.51219033396442,1.28648697295597,0.00598272336009279,0.00739969938721239,0.0274267644507654,0.00334702050760481,0.0272496424473755,0.0033456056868263,0.000177122003389884,0.0578412109730277,8,0.5,0.707106781186548
"40","Lindberg_2006a_1","alpha diversity","shannon wiener",FALSE,"Collembola",NA,NA,"tullgren funnel","drought","undisturbed vs disturbed",1.45,1.76,"mean","density m-2",0.11,0.05,"SE",4,4,"p 497 fig 1",FALSE,NA,NA,7854,10,-35,3285,NA,0.1,0.22,"Lindberg_2006a","experimental",506.25,"Medium validity","mesofauna",3.75,1.0651,2006,NA,NA,NA,NA,NA,NA,NA,0.0568181818181818,0.151724137931034,66.2588235294118,24.8128342245989,"pass",1.51219033396442,1.28648697295597,0.00322830578512397,0.0230202140309156,-0.191276264086853,0.00657057295732663,-0.193750252617577,0.00656212995400989,0.00247398853072398,0.0810069747244636,8,0.5,0.707106781186548
"41","Lindberg_2006a_1","alpha diversity","shannon wiener",FALSE,"Collembola",NA,NA,"tullgren funnel","drought","undisturbed vs disturbed",1.48,1.85,"mean","density m-2",0.16,0.05,"SE",4,4,"p 497 fig 1",FALSE,NA,NA,7854,10,-35,NA,365,0.1,0.32,"Lindberg_2006a","experimental",506.25,"Medium validity","mesofauna",3.75,1.0651,2006,NA,NA,NA,NA,NA,NA,NA,0.0540540540540541,0.216216216216216,69.6470588235294,17.4117647058824,"pass",1.51219033396442,1.28648697295597,0.0029218407596786,0.0467494521548576,-0.217665099889812,0.012452105235356,-0.22314355131421,0.012417823228634,0.00547845142439746,0.111435287178856,8,0.5,0.707106781186548
"42","Lindberg_2006a_1","alpha diversity","shannon wiener",FALSE,"Collembola",NA,NA,"tullgren funnel","drought","undisturbed vs disturbed",1.27,1.81,"mean","density m-2",0.19,0.07,"SE",4,4,"p 497 fig 1",TRUE,"<0.05",0.02,7854,10,-35,NA,730,0.14,0.38,"Lindberg_2006a","experimental",506.25,"Medium validity","mesofauna",3.75,1.0651,2006,0.05,3.14266840329098,0.243002196121536,2.44691185114497,0.312097603076355,0.243002196121536,0.0562089733226564,0.0773480662983426,0.299212598425197,48.672268907563,12.5820433436533,"pass",1.51219033396442,1.28648697295597,0.00598272336009279,0.0895281790563581,-0.343866762845201,0.024003523851362,-0.354309944807234,0.0238777256041127,0.0104431819620331,0.154524190999703,8,0.5,0.707106781186548
"43","Lindberg_2006a_1","alpha diversity","shannon wiener",FALSE,"Collembola",NA,NA,"tullgren funnel","drought","undisturbed vs disturbed",1.49,1.76,"mean","density m-2",0.13,0.05,"SE",4,4,"p 497 fig 1",FALSE,NA,NA,7854,10,-35,NA,1095,0.1,0.26,"Lindberg_2006a","experimental",506.25,"Medium validity","mesofauna",3.75,1.0651,2006,NA,NA,NA,NA,NA,NA,NA,0.0568181818181818,0.174496644295302,66.2588235294118,21.5746606334842,"pass",1.51219033396442,1.28648697295597,0.00322830578512397,0.0304490788703212,-0.163135092457043,0.00843399566952211,-0.166537689092693,0.00841934616386128,0.00340259663564962,0.0917569951767236,8,0.5,0.707106781186548
"44","Lindberg_2006a_1","alpha diversity","shannon wiener",FALSE,"Mesostigmata",NA,NA,"tullgren funnel","drought","undisturbed vs disturbed",1.6,1.51,"mean","density m-2",0.08,0.02,"SE",4,4,"p 497 fig 1",FALSE,NA,NA,7854,10,-35,2555,NA,0.04,0.16,"Lindberg_2006a","experimental",506.25,"Medium validity","mesofauna",0.9,2.1,2006,NA,NA,NA,NA,NA,NA,NA,0.0264900662251656,0.1,142.117647058824,37.6470588235294,"pass",1.51219033396442,1.28648697295597,0.000701723608613657,0.01,0.0590562629678259,0.00267700109615377,0.0578939784189027,0.00267543090215341,0.00116228454892325,0.0517245676845483,8,0.5,0.707106781186548
"45","Lindberg_2006a_1","alpha diversity","shannon wiener",FALSE,"Mesostigmata",NA,NA,"tullgren funnel","drought","undisturbed vs disturbed",1.14,1.33,"mean","density m-2",0.1,0.1,"SE",4,4,"p 497 fig 1",FALSE,NA,NA,7854,10,-35,2920,NA,0.2,0.2,"Lindberg_2006a","experimental",506.25,"Medium validity","mesofauna",0.9,2.1,2006,NA,NA,NA,NA,NA,NA,NA,0.150375939849624,0.175438596491228,25.0352941176471,21.4588235294118,"pass",1.51219033396442,1.28648697295597,0.0226129232856578,0.030778701138812,-0.153129957595614,0.0133706978677317,-0.154150679827258,0.0133479061061174,0.0010207222316444,0.115533138562568,8,0.5,0.707106781186548
"46","Lindberg_2006a_1","alpha diversity","shannon wiener",FALSE,"Mesostigmata",NA,NA,"tullgren funnel","drought","undisturbed vs disturbed",1.01,1.55,"mean","density m-2",0.18,0.04,"SE",4,4,"p 497 fig 1",TRUE,"<0.05",0.001,7854,10,-35,3285,NA,0.08,0.36,"Lindberg_2006a","experimental",506.25,"Medium validity","mesofauna",0.9,2.1,2006,0.05,5.95881617881876,0.128158899480074,2.44691185114497,0.312097603076355,0.128158899480074,0.0447444094165648,0.0516129032258065,0.356435643564356,72.9411764705882,10.562091503268,"pass",1.51219033396442,1.28648697295597,0.00266389177939646,0.127046368003137,-0.41275679055002,0.0326798755072302,-0.428304600077987,0.0324275649456333,0.0155478095279675,0.180076553014637,8,0.5,0.707106781186548
"47","Lindberg_2006a_1","alpha diversity","shannon wiener",FALSE,"Mesostigmata",NA,NA,"tullgren funnel","drought","undisturbed vs disturbed",1.54,1.51,"mean","density m-2",0.15,0.02,"SE",4,4,"p 497 fig 1",FALSE,NA,NA,7854,10,-35,NA,365,0.04,0.3,"Lindberg_2006a","experimental",506.25,"Medium validity","mesofauna",0.9,2.1,2006,NA,NA,NA,NA,NA,NA,NA,0.0264900662251656,0.194805194805195,142.117647058824,19.3254901960784,"pass",1.51219033396442,1.28648697295597,0.000701723608613657,0.0379490639230899,0.0243286831380144,0.00968520663087372,0.0196727655987049,0.00966269688292589,0.0046559175393095,0.0982990177108901,8,0.5,0.707106781186548
"48","Lindberg_2006a_1","alpha diversity","shannon wiener",FALSE,"Mesostigmata",NA,NA,"tullgren funnel","drought","undisturbed vs disturbed",1.39,1.33,"mean","density m-2",0.03,0.1,"SE",4,4,"p 497 fig 1",FALSE,NA,NA,7854,10,-35,NA,730,0.2,0.06,"Lindberg_2006a","experimental",506.25,"Medium validity","mesofauna",0.9,2.1,2006,NA,NA,NA,NA,NA,NA,NA,0.150375939849624,0.0431654676258993,25.0352941176471,87.2156862745098,"pass",1.51219033396442,1.28648697295597,0.0226129232856578,0.00186325759536256,0.0415310966976509,0.00612708922069867,0.0441248049089379,0.00611904522025508,0.00259370821128696,0.078224326269103,8,0.5,0.707106781186548
"49","Lindberg_2006a_1","alpha diversity","shannon wiener",FALSE,"Mesostigmata",NA,NA,"tullgren funnel","drought","undisturbed vs disturbed",1.42,1.55,"mean","density m-2",0.09,0.04,"SE",4,4,"p 497 fig 1",FALSE,NA,NA,7854,10,-35,NA,1095,0.08,0.18,"Lindberg_2006a","experimental",506.25,"Medium validity","mesofauna",0.9,2.1,2006,NA,NA,NA,NA,NA,NA,NA,0.0516129032258065,0.126760563380282,72.9411764705882,29.6993464052288,"pass",1.51219033396442,1.28648697295597,0.00266389177939646,0.0160682404284864,-0.0859225157368497,0.00468717812493759,-0.087598059317986,0.00468303305197072,0.00167554358113627,0.0684326899366868,8,0.5,0.707106781186548
"50","Tsiafouli_2005a_1","alpha diversity","shannon wiener",FALSE,"Collembola",NA,NA,"berlese funnel","drought","undisturbed vs disturbed",1.22,1.42,"mean",NA,NA,NA,NA,7,7,"p 23 table 4",NA,NA,NA,50.27,NA,-100,120,NA,NA,NA,"Tsiafouli_2005a","experimental",2.1875,"Medium validity","mesofauna",3.75,1.0651,2005,NA,NA,NA,NA,NA,NA,NA,NA,NA,NA,NA,NA,1.51219033396442,1.28648697295597,1.51219033396442,1.28648697295597,-0.167927681511465,0.419922106793325,-0.151806012868004,NA,0.0161216686434611,NA,14,0.285714285714286,0.534522483824849
"51","Tsiafouli_2005a_1","alpha diversity","simpsons index",FALSE,"Collembola",NA,NA,"berlese funnel","drought","undisturbed vs disturbed",0.78,1.19,"mean",NA,NA,NA,NA,7,7,"p 23 table 4",NA,NA,NA,50.27,NA,-100,120,NA,NA,NA,"Tsiafouli_2005a","experimental",2.1875,"Medium validity","mesofauna",3.75,1.0651,2005,NA,NA,NA,NA,NA,NA,NA,NA,NA,NA,NA,NA,1.51219033396442,1.28648697295597,1.51219033396442,1.28648697295597,-0.438536335065399,0.419922106793325,-0.422414666421938,NA,0.0161216686434609,NA,14,0.285714285714286,0.534522483824849
"52","Tsiafouli_2005a_1","alpha diversity","shannon wiener",FALSE,"Oribatida",NA,NA,"berlese funnel","drought","undisturbed vs disturbed",1.93,2.02,"mean",NA,NA,NA,NA,7,7,"p 23 table 4",NA,NA,NA,50.27,NA,-100,120,NA,NA,NA,"Tsiafouli_2005a","experimental",2.1875,"Medium validity","mesofauna",1,1.1158,2005,NA,NA,NA,NA,NA,NA,NA,NA,NA,NA,NA,NA,1.51219033396442,1.28648697295597,1.51219033396442,1.28648697295597,-0.0616991771397802,0.419922106793325,-0.0455775084963193,NA,0.0161216686434609,NA,14,0.285714285714286,0.534522483824849
"53","Tsiafouli_2005a_1","alpha diversity","simpsons index",FALSE,"Oribatida",NA,NA,"berlese funnel","drought","undisturbed vs disturbed",1.4,1.29,"mean",NA,NA,NA,NA,7,7,"p 23 table 4",NA,NA,NA,50.27,NA,-100,120,NA,NA,NA,"Tsiafouli_2005a","experimental",2.1875,"Medium validity","mesofauna",1,1.1158,2005,NA,NA,NA,NA,NA,NA,NA,NA,NA,NA,NA,NA,1.51219033396442,1.28648697295597,1.51219033396442,1.28648697295597,0.0657083496041711,0.419922106793325,0.0818300182476321,NA,0.016121668643461,NA,14,0.285714285714286,0.534522483824849
"54","Tsiafouli_2005a_1","alpha diversity","species number",FALSE,"Oribatida",NA,NA,"berlese funnel","drought","undisturbed vs disturbed",10,11,"mean",NA,NA,NA,NA,7,7,"p 23 table 4",NA,NA,NA,50.27,NA,-100,120,NA,NA,NA,"Tsiafouli_2005a","experimental",2.1875,"Medium validity","mesofauna",1,1.1158,2005,NA,NA,NA,NA,NA,NA,NA,NA,NA,NA,NA,NA,1.51219033396442,1.28648697295597,1.51219033396442,1.28648697295597,-0.111431848447786,0.419922106793325,-0.0953101798043249,NA,0.016121668643461,NA,14,0.285714285714286,0.534522483824849
"55","Tsiafouli_2005a_1","alpha diversity","species number",FALSE,"Oribatida",NA,NA,"berlese funnel","drought","undisturbed vs disturbed",15,22,"mean",NA,NA,NA,NA,7,7,"p 23 table 4",NA,NA,NA,50.27,NA,-100,120,NA,NA,NA,"Tsiafouli_2005a","experimental",2.1875,"Medium validity","mesofauna",1,1.1158,2005,NA,NA,NA,NA,NA,NA,NA,NA,NA,NA,NA,NA,1.51219033396442,1.28648697295597,1.51219033396442,1.28648697295597,-0.399113920899567,0.419922106793325,-0.382992252256106,NA,0.0161216686434609,NA,14,0.285714285714286,0.534522483824849
"56","Bakonyi_2007a_1","alpha diversity","richness",FALSE,"Nematoda",NA,NA,"Cobb's decanting and sieving method","drought","undisturbed vs disturbed",23.7,22.6,"mean",NA,3.1,2.7,"SD",3,3,"p 33 text",FALSE,">0.05",0.538,12.6,10,-16.67,760,NA,2.7,3.1,"Bakonyi_2007a","experimental",20,"Low validity","microfauna",2.55,0.0634,2007,0.525,0.672700787738161,2.00270221633088,0.695558138490973,1.93688964872665,2.00270221633088,0.00249550593434777,0.119469026548673,0.130801687763713,26.7653663255088,24.4464143758109,"pass",1.51219033396442,1.28648697295597,0.0142728483044874,0.0171090815218359,0.0479978473990699,0.0104744331329201,0.0475251418628453,0.0104606432754411,0.000472705536224645,0.102277286214688,6,0.666666666666667,0.816496580927726
"57","Williams_2014a_1","alpha diversity","richness",FALSE,"Coleoptera",NA,NA,"pitfall traps","drought","undisturbed vs disturbed",6.2,6.8,"mean",NA,0.2,0.1,"SE",30,30,"p 2013 text",NA,NA,NA,78.5,NA,-33,2557,NA,0.547722557505166,1.09544511501033,"Williams_2014a","experimental",36,"Medium validity","macrofauna",50.5,18.0707,2014,NA,NA,NA,NA,NA,NA,NA,0.0805474349272303,0.176684695969408,134.876033057851,61.4876033057851,"pass",1.51219033396442,1.28648697295597,0.0064878892733564,0.0312174817898023,-0.091961160255741,0.00125712809762655,-0.092373320131015,0.00125684570210529,0.000412159875274071,0.0354520197182797,60,0.0666666666666667,0.258198889747161
"58","Homet_2021a_2","alpha diversity","shannon wiener",FALSE,"Mesofauna",NA,NA,"tullgren funnel","drought","undisturbed vs disturbed",0.357,0.447,NA,NA,0.048,0.06,"SE",118,118,"p 2973 figure 5",NA,NA,NA,NA,NA,-30,0,0,0.651766829472013,0.52141346357761,"Homet_2021a","experimental",300,"Low validity","mesofauna",NA,NA,2021,NA,NA,NA,NA,NA,NA,NA,1.4580913411007,1.46054191478322,14.8684989429175,14.8435517970402,"pass",1.51219033396442,1.28648697295597,2.12603035899284,2.13318268483864,-0.224792506368481,0.0362578826153173,-0.22482281283393,0.036095025795182,3.0306465448382e-05,0.189986909536373,236,0.0169491525423729,0.130188910980824
"59","Homet_2021a_2","alpha diversity","shannon wiener",FALSE,"Mesofauna",NA,NA,"tullgren funnel","drought","undisturbed vs disturbed",0.354,0.402,NA,NA,0.03,0.027,"SE",118,118,"p 2973 figure 5",NA,NA,NA,NA,NA,-30,92,92,0.293295073262406,0.325883414736006,"Homet_2021a","experimental",300,"Low validity","mesofauna",NA,NA,2021,NA,NA,NA,NA,NA,NA,NA,0.729589734483597,0.920574617898323,29.7148226450552,23.5501057082452,"pass",1.51219033396442,1.28648697295597,0.532301180663845,0.847457627118644,-0.125819766813828,0.0117108533153195,-0.127155175485247,0.011692871252394,0.00133540867141871,0.108133580595456,236,0.0169491525423729,0.130188910980824
"60","Homet_2021a_2","alpha diversity","shannon wiener",FALSE,"Mesofauna",NA,NA,"tullgren funnel","drought","undisturbed vs disturbed",0.486,0.483,NA,NA,0.042,0.045,"SE",118,118,"p 2973 figure 5",NA,NA,NA,NA,NA,-30,274,274,0.48882512210401,0.456236780630409,"Homet_2021a","experimental",300,"Low validity","mesofauna",NA,NA,2021,NA,NA,NA,NA,NA,NA,NA,1.0120602942112,0.9387588078815,21.4212825933756,23.0939293264875,"pass",1.51219033396442,1.28648697295597,1.02426603911886,0.881268099375095,0.00558604677443057,0.0161813751032572,0.00619197024792098,0.0161485943940166,0.000605923473490408,0.127077119868278,236,0.0169491525423729,0.130188910980824
"61","Homet_2021a_2","alpha diversity","shannon wiener",FALSE,"Mesofauna",NA,NA,"tullgren funnel","drought","undisturbed vs disturbed",0.33,0.351,NA,NA,0.039,0.042,"SE",118,118,"p 2973 figure 5",NA,NA,NA,NA,NA,-30,594,594,0.456236780630409,0.423648439156808,"Homet_2021a","experimental",300,"Low validity","mesofauna",NA,NA,2021,NA,NA,NA,NA,NA,NA,NA,1.29981988783592,1.28378314896003,16.6789489580187,16.8872987477639,"pass",1.51219033396442,1.28648697295597,1.68953174081379,1.64809917355372,-0.061869130731018,0.0283850283677562,-0.0616935690053398,0.0282850077488772,0.000175561725678251,0.168181472668297,236,0.0169491525423729,0.130188910980824
"62","Homet_2021a_2","alpha diversity","richness",FALSE,"Mesofauna",NA,NA,"tullgren funnel","drought","undisturbed vs disturbed",1.86,3.18,NA,NA,0.48,0.48,"SE",118,118,"p 2973 figure 5",NA,NA,NA,NA,NA,-30,0,0,5.2141346357761,5.2141346357761,"Homet_2021a","experimental",300,"Low validity","mesofauna",NA,NA,2021,NA,NA,NA,NA,NA,NA,NA,1.63966497980381,2.80329819127747,13.2219873150106,7.73361522198732,"pass",1.51219033396442,1.28648697295597,2.68850124599502,7.85848074921956,-0.514398016256702,0.0906197798832385,-0.536304709066976,0.0893812033492761,0.0219066928102735,0.298966893400049,236,0.0169491525423729,0.130188910980824
"63","Homet_2021a_2","alpha diversity","richness",FALSE,"Mesofauna",NA,NA,"tullgren funnel","drought","undisturbed vs disturbed",2.52,3.18,NA,NA,0.42,0.42,"SE",118,118,"p 2973 figure 5",NA,NA,NA,NA,NA,-30,92,92,4.56236780630409,4.56236780630409,"Homet_2021a","experimental",300,"Low validity","mesofauna",NA,NA,2021,NA,NA,NA,NA,NA,NA,NA,1.43470685732833,1.81046341520004,15.1108426457264,11.9746300211416,"pass",1.51219033396442,1.28648697295597,2.05838376646493,3.27777777777778,-0.227455371492004,0.0454906819120421,-0.232622295268754,0.0452217080020569,0.00516692377674946,0.212653963052789,236,0.0169491525423729,0.130188910980824
"64","Homet_2021a_2","alpha diversity","richness",FALSE,"Mesofauna",NA,NA,"tullgren funnel","drought","undisturbed vs disturbed",10.2,9.78,NA,NA,0.42,0.42,"SE",118,118,"p 2973 figure 5",NA,NA,NA,NA,NA,-30,274,274,4.56236780630409,4.56236780630409,"Homet_2021a","experimental",300,"Low validity","mesofauna",NA,NA,2021,NA,NA,NA,NA,NA,NA,NA,0.466499775695715,0.447290961402362,46.4729688915736,48.4687405617638,"pass",1.51219033396442,1.28648697295597,0.217622040724152,0.200069204152249,0.0419738598173473,0.00354132531278226,0.0420482362434994,0.00353975631251188,7.43764261521423e-05,0.0594958512210043,236,0.0169491525423729,0.130188910980824
"65","Homet_2021a_2","alpha diversity","richness",FALSE,"Mesofauna",NA,NA,"tullgren funnel","drought","undisturbed vs disturbed",9.78,9.12,NA,NA,0.6,0.6,"SE",118,118,"p 2973 figure 5",NA,NA,NA,NA,NA,-30,594,594,6.51766829472013,6.51766829472013,"Homet_2021a","experimental",300,"Low validity","mesofauna",NA,NA,2021,NA,NA,NA,NA,NA,NA,NA,0.714656611263172,0.666428250993878,30.3357293868922,32.5310782241015,"pass",1.51219033396442,1.28648697295597,0.510734072022161,0.44412661372276,0.0695874449676919,0.00810026467633122,0.069869679960486,0.00809203970970271,0.000282234992794075,0.0899557652944085,236,0.0169491525423729,0.130188910980824
"66","Homet_2021a_1","alpha diversity","shannon wiener",FALSE,"Mesofauna",NA,NA,"tullgren funnel","drought","undisturbed vs disturbed",1.13,1.1,"mean",NA,0.06,0.06,"SE",118,118,"s fig s5.1",NA,NA,NA,NA,NA,-30,92,NA,0.651766829472013,0.651766829472013,"Homet_2021a","experimental",300,"Low validity","mesofauna",NA,NA,2021,NA,NA,NA,NA,NA,NA,NA,0.592515299520012,0.576784804842489,36.5891472868217,37.5870331219168,"pass",1.51219033396442,1.28648697295597,0.351074380165289,0.332680711097189,0.0268295136442119,0.00579873478798898,0.0269074529199242,0.00579453467171591,7.79392757123236e-05,0.0761218409637859,236,0.0169491525423729,0.130188910980824
"67","Homet_2021a_1","alpha diversity","richness",FALSE,"Mesofauna",NA,NA,"tullgren funnel","drought","undisturbed vs disturbed",2.447761194,3.164179104,"mean",NA,0.417910448,0.417910448,"SE",118,118,"s fig s5.1",NA,NA,NA,NA,NA,-30,92,NA,4.53966946160314,4.53966946160314,"Homet_2021a","experimental",300,"Low validity","mesofauna",NA,NA,2021,NA,NA,NA,NA,NA,NA,NA,1.43470685836472,1.85462106055561,15.1108426348107,11.6895197757208,"pass",1.51219033396442,1.28648697295597,2.05838376943877,3.43961927825641,-0.250867153875093,0.046881739497159,-0.256719846709066,0.0465932461669083,0.00585269283397299,0.215854687618565,236,0.0169491525423729,0.130188910980824
"68","Homet_2021a_1","alpha diversity","shannon wiener",FALSE,"Mesofauna",NA,NA,"tullgren funnel","drought","undisturbed vs disturbed",1.58,1.53,"mean",NA,0.03,0.03,"SE",118,118,"s fig s5.1",NA,NA,NA,NA,NA,-30,274,NA,0.325883414736006,0.325883414736006,"Homet_2021a","experimental",300,"Low validity","mesofauna",NA,NA,2021,NA,NA,NA,NA,NA,NA,NA,0.212995695905887,0.206255325782283,101.784355179704,105.110641296688,"pass",1.51219033396442,1.28648697295597,0.0453671664744329,0.0425412594135555,0.0321451374520701,0.000745056107398681,0.0321571116345314,0.000744986660067698,1.19741824613842e-05,0.0272944437581662,236,0.0169491525423729,0.130188910980824
"69","Homet_2021a_1","alpha diversity","richness",FALSE,"Mesofauna",NA,NA,"tullgren funnel","drought","undisturbed vs disturbed",10.02985075,9.552238806,"mean",NA,0.537313433,0.537313433,"SE",118,118,"s fig s5.1",NA,NA,NA,NA,NA,-30,274,NA,5.83671787765221,5.83671787765221,"Homet_2021a","experimental",300,"Low validity","mesofauna",NA,NA,2021,NA,NA,NA,NA,NA,NA,NA,0.611031402814807,0.58193466913276,35.4803852370968,37.2544045126947,"pass",1.51219033396442,1.28648697295597,0.373359375225831,0.338647959138655,0.0486430822667749,0.00603852236216847,0.0487901645383308,0.00603396046071598,0.000147082271555909,0.0776785714384345,236,0.0169491525423729,0.130188910980824
"70","Homet_2021a_1","alpha diversity","shannon wiener",FALSE,"Mesofauna",NA,NA,"tullgren funnel","drought","undisturbed vs disturbed",1.59,1.58,"mean",NA,0.02,0.01,"SE",118,118,"s fig s5.1",NA,NA,NA,NA,NA,-30,594,NA,0.108627804912002,0.217255609824004,"Homet_2021a","experimental",300,"Low validity","mesofauna",NA,NA,2021,NA,NA,NA,NA,NA,NA,NA,0.0687517752607609,0.136638748316984,315.331923890063,158.663847780127,"pass",1.51219033396442,1.28648697295597,0.00472680660150617,0.0186701475416321,0.00636825114640085,0.000198285932071803,0.00630916919326476,0.000198279272399477,5.90819531360916e-05,0.0140811672953444,236,0.0169491525423729,0.130188910980824
"71","Homet_2021a_1","alpha diversity","richness",FALSE,"Mesofauna",NA,NA,"tullgren funnel","drought","undisturbed vs disturbed",9.731343284,8.955223881,"mean",NA,0.47761194,0.597014925,"SE",118,118,"s fig s5.1",NA,NA,NA,NA,NA,-30,594,NA,6.48524208024536,5.18819366419629,"Homet_2021a","experimental",300,"Low validity","mesofauna",NA,NA,2021,NA,NA,NA,NA,NA,NA,NA,0.72418536559481,0.533142600438993,29.9365750729116,40.6638478072881,"pass",1.51219033396442,1.28648697295597,0.524444443741689,0.284241032402852,0.0820970956434562,0.00685965562480781,0.0831149067084514,0.00685326674698763,0.00101781106499518,0.0827844595741715,236,0.0169491525423729,0.130188910980824
"72","Taylor_2005a_1","alpha diversity",NA,FALSE,"Oribatida",NA,NA,NA,"drought","undisturbed vs disturbed",5,8,"mean",NA,NA,NA,NA,4,4,NA,FALSE,">0.05",NA,625,0,-75.34246575,365,NA,NA,NA,"Taylor_2005a","experimental",4.375,"Low validity","mesofauna",1,1.1158,2005,0.525,NA,NA,0.674694850800311,6.28823635171773,6.28823635171773,0.0874457867660746,NA,NA,NA,NA,NA,1.51219033396442,1.28648697295597,1.51219033396442,1.28648697295597,-0.498216549371792,0.761259457006984,-0.470003629245736,NA,0.0282129201260568,NA,8,0.5,0.707106781186548
"73","Taylor_2005a_1","alpha diversity",NA,FALSE,"Oribatida",NA,NA,NA,"drought","undisturbed vs disturbed",5,8,"mean",NA,NA,NA,NA,4,4,NA,FALSE,">0.05",NA,625,0,-75.34246575,365,NA,NA,NA,"Taylor_2005a","experimental",4.375,"Low validity","mesofauna",1,1.1158,2005,0.525,NA,NA,0.674694850800311,6.28823635171773,6.28823635171773,0.0874457867660746,NA,NA,NA,NA,NA,1.51219033396442,1.28648697295597,1.51219033396442,1.28648697295597,-0.498216549371792,0.761259457006984,-0.470003629245736,NA,0.0282129201260568,NA,8,0.5,0.707106781186548
"74","Delph_2014a_1","alpha diversity",NA,FALSE,"Arthropods",NA,NA,"Pitfall traps","drought","disturbed vs more disturbed",37.9,38.3,"mean",NA,1.4,1.2,"SE",96,96,NA,FALSE,">0.05",0.7821,4.908738521,0,-34,1300,570,11.7575507653593,13.7171425595858,"Delph_2014a","observational",100,"Low validity",NA,150.1,14.2463,2014,0.525,0.276975519570764,10.0055098602394,0.636833241049122,4.35165929395389,10.0055098602394,0.000143609753739383,0.306985659669954,0.361929882838675,63.6675324675325,54.0022263450835,"pass",1.51219033396442,1.28648697295597,0.0942401952429971,0.130993240091617,-0.010307361989633,0.00234688801030385,-0.0104987840982196,0.0023461816180689,0.000191422108586576,0.0484373989606058,192,0.0208333333333333,0.144337567297406
"75","Delph_2014a_1","alpha diversity",NA,FALSE,"Arthropods",NA,NA,"Pitfall traps","drought","disturbed vs more disturbed",39.4,38.9,"mean",NA,2.2,2.2,"SE",96,96,NA,TRUE,"<0.05",0.0182,4.908738521,0,-34,1300,570,21.555509736492,21.555509736492,"Delph_2014a","observational",100,"Low validity",NA,150.1,14.2463,2014,0.05,2.3821296225168,1.45420365978146,1.97252818200132,1.75617344621312,1.45420365978146,1.97684942773007e-05,0.554126214305706,0.547094155748527,35.2717827626919,35.725147579693,"pass",1.51219033396442,1.28648697295597,0.307055861380773,0.299312015254194,0.0127312331475782,0.00632131986795549,0.0127715656794875,0.00631633204828091,4.03325319093036e-05,0.0794753549742366,192,0.0208333333333333,0.144337567297406
"76","Delph_2014a_1","alpha diversity",NA,FALSE,"Arthropods",NA,NA,"Pitfall traps","drought","disturbed vs more disturbed",44.1,41.7,"mean",NA,1.9,2,"SE",96,96,NA,FALSE,">0.05",0.149,4.908738521,0,-34,1300,570,19.5959179422654,18.6161220451521,"Delph_2014a","observational",100,"Low validity",NA,150.1,14.2463,2014,0.525,1.44894980835379,11.4756823575225,0.636833241049122,26.1099557637234,11.4756823575225,0.000130209373946846,0.469926089742576,0.422134286738144,41.5916883116883,46.3004784688995,"pass",1.51219033396442,1.28648697295597,0.220830529820748,0.178197356039922,0.055736605867936,0.00415872473391649,0.0559586536480444,0.0041565404777153,0.000222047780108391,0.0644712376003075,192,0.0208333333333333,0.144337567297406
